1430748721705209861,0.0
1430751050340917249,0.0
1430754579562516480,0.4727272727272727
1430756829680836608,0.0
1430756887222382594,0.0
1430757548500545537,0.1666666666666666
1430758133941538817,0.0
1430760122159009792,0.0208333333333333
1430760588062380037,0.1363636363636363
1430762406821736448,0.6666666666666666
1430763945489539082,0.1
1430764725550391296,0.0625
1430769379214454790,0.1928571428571428
1430769384847462400,0.36
1430769984372944896,0.0
1430772748725506048,0.1178571428571428
1430774033591803904,0.0
1430783986293424128,0.3
1430784092258201600,0.05
1430784103297675269,0.0
1430784145698000897,-0.05
1430786967059320835,0.1363636363636363
1430786977775775746,0.1363636363636363
1430786988609781762,0.1363636363636363
1430786992959152130,0.1363636363636363
1430787681781440519,0.0
1430788109558452231,0.0
1430789022947885058,0.1363636363636363
1430790340051718147,0.35
1430791203314831364,0.0
1430791208826064899,0.0
1430791960445562880,0.25
1430792278461779986,0.2
1430793734434836489,0.0
1430793821596655618,0.75
1430794504932667392,0.8
1430796135925485577,0.0
1430799035921801217,0.2
1430799694712623105,0.0
1430799698236002311,0.6
1430800817011924993,0.0
1430802834119741447,0.3590909090909091
1430804459194621953,-0.0318181818181818
1430806325643022340,0.175
1430808019416268802,-0.3333333333333333
1430808213193216002,-0.1
1430808574922461186,0.1121212121212121
1430808967605891073,0.1363636363636363
1430811154914349068,0.23125
1430811634654531586,0.0
1430811803785875461,-0.1333333333333333
1430812895013572619,0.175
1430813905446649860,0.14
1430815979974631425,0.0
1430816534704922632,0.5
1430817637320200199,0.0681818181818181
1430817646279229440,0.0681818181818181
1430817647159955471,0.0681818181818181
1430817647420051457,0.1363636363636363
1430817647856218118,0.0681818181818181
1430817652432277505,0.1363636363636363
1430817653606682627,0.0681818181818181
1430817676063092738,-0.5
1430818192537030661,0.25
1430819214697377794,-0.2
1430820654916399104,0.0
1430825703457574912,0.1363636363636363
1430825948023242754,0.7
1430826152055160836,0.375
1430827021500919808,0.0681818181818181
1430830495953195009,0.0
1430833179426918405,0.0699999999999999
1430836693515472897,-0.3
1430836694354300929,-0.3
1430837824622931976,-0.0095238095238095
1430841755059081217,0.3399999999999999
1430841770041036809,-0.125
1430844127009202176,0.0786458333333333
1430846996047298565,-0.1
1430847001646698500,-0.2
1430847103828385795,0.5
1430847163525959698,0.125
1430847328156405761,0.0
1430849531445350401,0.0
1430851672822198272,0.2888888888888888
1430853926996299776,-0.0249999999999999
1430856218613006340,0.0
1430858074772762625,0.1515151515151515
1430858582153564165,-0.5
1430859384054157313,0.0
1430862486203424769,0.75
1430862816983007236,0.0
1430864731645042691,-0.05
1430864789358751750,0.0
1430864863753084931,0.0
1430864906702700548,-0.1909090909090909
1430866376940527618,0.3666666666666667
1430866510273294341,0.0
1430869065824800780,-0.1
1430870155404455936,0.0
1430872703787958273,0.0
1430872719214718982,0.3111111111111111
1430873180130979843,0.3
1430874547478220802,0.0
1430874845206749189,-0.3666666666666667
1430874912848322560,-0.0128787878787878
1430876252181774341,0.1902777777777777
1430876698212540417,0.0
1430878009196679173,0.0
1430878589155569669,0.1
1430878594708819972,0.0
1430880492702912524,0.325
1430880743161356296,1.0
1430881485955944449,0.0
1430881733906362370,0.3
1430884872361443332,0.0
1430885277371936768,0.85
1430886078563631106,-0.1375757575757575
1430886355337465863,0.0
1430886612146311169,0.625
1430886620635480065,0.3
1430887793107025927,0.0
1430888015681835015,0.0
1430888045050466304,0.0454545454545454
1430889550629511168,0.3
1430890336235122699,0.0
1430890393349074946,0.0
1430890977040867342,0.0
1430891199502577675,0.05
1430891439479685141,0.7
1430892159423586307,-0.1
1430894346631467019,0.0785714285714285
1430894812664721410,0.0
1430902216198553606,0.0
1430903583864627215,0.1666666666666666
1430904161810354195,0.0
1430904307105161224,0.0
1430906068289290257,-0.125
1430906118717329411,0.0
1430906118960676884,0.0
1430906610709241867,0.3555555555555555
1430908157170053124,0.0
1430908158843621385,0.125
1430911677747318785,0.0681818181818181
1430914693669933056,0.0
1430916125538144263,0.0
1430916942634885130,0.0027777777777777
1430917935837683714,-0.35
1430918984912621569,0.0666666666666666
1430919463809994754,0.25
1430921126750863365,0.2
1430921555115012097,0.0666666666666666
1430922077457027077,0.0
1430924700239024130,0.3658333333333333
1430925794872893442,0.3299999999999999
1430926180576907266,0.0
1430930553398697990,0.4000000000000001
1430931023395762177,0.0
1430932080557445120,0.5
1430932466467020800,-0.05
1430932612852240387,0.25
1430932697749200900,-0.0535714285714285
1430933718479384585,0.0
1430933718735024132,0.0
1430934030158114822,0.3385416666666667
1430934524007944193,0.0
1430934719038824450,1.0
1430935056013484035,0.0
1430936515975303175,0.3340909090909091
1430937164737507328,0.5
1430938125677772801,0.0
1430938666369699842,-0.18125
1430938849216278529,0.1702020202020202
1430939029470650374,0.0
1430939410883911680,0.545
1430939726299631618,0.5
1430941077368889346,0.0
1430941437529559042,0.625
1430943098603966467,0.65
1430943959208112131,-0.0666666666666666
1430945772447715333,-0.0833333333333333
1430945810880008193,0.0
1430945974487162885,0.0
1430947272083349508,0.55
1430947382607368201,0.0
1430948276971376641,0.0
1430948777158864899,0.2536666666666666
1430949514236530695,-1.0
1430951839642443778,0.0
1430953260613914625,0.5
1430953273947688961,0.1428571428571428
1430953378142736389,0.3125
1430953444366561287,0.1333333333333334
1430953534380445699,0.0
1430954184187199496,0.0
1430954574597263368,0.0
1430956344803274752,0.4621212121212121
1430956636483424258,0.35
1430956973885902850,0.0
1430958092565557248,0.0
1430958593436749830,0.25
1430959025299021828,0.1366666666666666
1430961768403193859,0.25
1430961884237156355,0.3590909090909091
1430962821035028486,0.5
1430962985141297153,0.0
1430967175171362816,-0.9
1430968482867318785,0.0
1430968498218434560,0.4166666666666667
1430970772265136131,0.0
1430972008960073731,0.2121212121212121
1430972070159060999,-0.1458333333333333
1430973706914906116,0.0666666666666666
1430975941195571200,-0.0833333333333333
1430977383436361730,0.0
1430977813063077895,-0.3138888888888889
1430978209617694722,0.2066666666666666
1430978359455010822,0.2066666666666666
1430979066883153925,-0.0877551020408163
1430983307387281408,0.0681818181818181
1430983518629343247,-0.5
1430984506010476549,0.0
1430985696312012800,1.0
1430986855525277704,0.0
1430986933442916352,0.0
1430988065850417154,0.0
1430988269961891840,0.5
1430988861174210560,0.3
1430991051020439553,0.0
1430992278361985032,-0.3
1430993685290827779,0.0681818181818181
1430996059392811009,0.1363636363636363
1430996432622784514,0.5
1430997185605296131,0.4166666666666666
1430997417927839749,0.0
1430997536542703623,0.475
1431000617552596995,0.6083333333333333
1431001901147975681,0.0166666666666666
1431002351897305098,-0.05
1431002442024603660,0.0
1431002697197662210,0.2821428571428571
1431002736275992580,0.0
1431003620657569801,0.0
1431003699405627397,0.0
1431005505355337730,0.0
1431005967513227273,0.386111111111111
1431006056105320455,0.0
1431007474136539143,0.0
1431008090078556170,0.0875
1431010016878751745,0.0
1431010057546833926,1.0
1431011074212466688,0.5
1431011086736625665,0.6
1431011508377460736,-0.0152777777777777
1431011566984458244,0.0
1431012911636434950,0.0
1431013302155370498,0.35
1431014470390894599,0.0
1431014658186432517,0.5
1431015009203757057,0.0
1431016163606089733,0.2
1431017207618850821,0.0
1431017369380564998,0.0909090909090909
1431017556492660740,0.1904761904761904
1431017752727367680,-0.125
1431018748039860229,-0.3625
1431018782961676291,0.0
1431019379299336197,0.3416666666666666
1431021327641624578,0.1428571428571428
1431021408272883715,0.35
1431021448441696256,0.5
1431022531532804096,0.3666666666666667
1431023175714840578,0.5
1431023466673627136,1.0
1431026155423944704,0.0
1431036754803400707,0.0
1431039916302118914,0.0
1431040330900594697,0.2625
1431042629224091651,0.0
1431043212509122563,0.78125
1431044305464922113,-0.1666666666666666
1431045530256293890,0.5
1431048667578912770,0.5
1431049547195850755,-0.6
1431050490050138123,0.6666666666666666
1431051428269903872,0.0988636363636363
1431054764394098690,0.8
1431055651506171904,0.0
1431056794990825473,0.390625
1431058680691138569,0.1181818181818181
1431058684541501442,0.0681818181818181
1431058693114658824,0.2181818181818181
1431059625521070080,0.1363636363636363
1431059784447324162,0.0
1431060421247602693,0.1
1431060427140595717,0.0
1431061747041898504,0.1363636363636363
1431063304210890753,0.5
1431064214374916101,0.1363636363636363
1431066741619187715,-0.375
1431067988107702276,0.0
1431069298584432640,0.48828125
1431069389940482056,0.0
1431071314899451905,0.0
1431076380670939136,-0.6999999999999998
1431078841410150400,0.0
1431078933798129671,-0.0068181818181818
1431080899978924032,-0.2499999999999999
1431081305484103684,0.0
1431083053028241413,0.3125
1431083157412065286,0.0
1431083901754265605,0.6625
1431084309494984704,-0.3125
1431084984069238785,0.05
1431087823701094401,0.11
1431090379026223105,0.4
1431090440959184898,0.0
1431090664050155520,0.0
1431092750145970182,0.3545454545454545
1431093369372037121,0.3181818181818182
1431093688285818881,0.3444444444444444
1431099418934087683,0.0333333333333333
1431100635852595205,0.1363636363636363
1431101515314384896,0.0
1431102317898645511,0.1388888888888889
1431102554167971840,0.1704545454545454
1431103075746410505,0.5166666666666667
1431104657854586884,0.0
1431104704293969922,0.1
1431104731833778178,0.0925
1431105021987463170,0.0
1431105360279052291,0.0
1431107217969844229,0.1166666666666666
1431107589312552960,0.0
1431109136482197504,-0.4
1431109147987222532,0.25
1431110139369689090,0.35
1431112277504180226,0.0
1431114180820570114,0.8
1431118403553710080,0.0
1431119225498779651,-0.1
1431120304714051584,-0.2
1431120310229635073,0.1
1431120333231181825,-0.3333333333333333
1431120742691835905,0.0
1431121501110083586,0.35
1431123893952073728,0.0
1431124308655476736,-0.6
1431124430680383488,0.2348484848484848
1431127574529335296,0.1496212121212121
1431127661540151299,-0.3318181818181818
1431129777847640066,0.0
1431130447996727296,0.7
1431132198552342529,0.5785714285714285
1431133484802793472,-0.2
1431134034084515841,-0.2916666666666667
1431135932426571776,0.1333333333333333
1431136024768352263,0.1
1431138160298319872,0.16
1431143213314846722,0.3875
1431146788447158272,0.0
1431147549323313153,0.125
1431148376360431617,0.1999999999999999
1431150126580391938,-0.035
1431151126204743682,-0.0625
1431153771212525568,0.0
1431155785979990019,0.1
1431157920574623745,0.2
1431160375056154624,-0.0253125
1431160506245582848,0.1363636363636363
1431160761787637761,-0.0803571428571428
1431162261402443780,-0.125
1431167836873953282,-0.6
1431172239525924864,0.55
1431172353703170049,-0.1
1431172364079968257,0.3454545454545454
1431174080691154948,0.4333333333333333
1431174755722334208,-0.1875
1431175848388870150,0.0
1431178052923387907,-0.05625
1431181364045484032,0.3
1431181408886738945,0.0
1431181891357585410,0.1363636363636363
1431181960685125634,0.2272727272727272
1431186267946033152,0.0875
1431190385104150529,-0.125
1431190515282706435,0.0666666666666666
1431191204968812549,-0.0388888888888888
1431192821055295489,0.375
1431193757894991875,0.375
1431198616106852354,0.4
1431199942513774592,0.0
1431200325864550401,0.0
1431201807582236673,0.2569444444444444
1431202182859300866,0.1363636363636363
1431202182859300866,0.1363636363636363
1431202229206372354,0.1666666666666666
1431205908424634377,0.0
1431206179435433984,0.0
1431208202801008653,0.35
1431208640363520003,0.0681818181818181
1431209618496131072,0.65
1431210157686542337,1.0
1431210897322676224,0.0
1431211342367805450,0.4181818181818181
1431212174551179264,0.5681818181818181
1431213367453224961,0.1363636363636363
1431213606205542402,0.3
1431214441773735939,0.1
1431215018624827394,0.2619047619047619
1431215406056886273,0.0
1431217382278709254,0.05
1431217797925937156,0.0999999999999999
1431219655268577282,0.0
1431221105314910216,0.3333333333333333
1431223937665482752,0.0
1431225377351868427,0.07
1431230172695564290,0.0787878787878787
1431235033029873664,0.26
1431236336741126149,0.0
1431239193120935940,0.0833333333333333
1431240610086678530,0.075
1431240977813962756,0.6
1431243854599102465,0.0
1431243876686254086,0.25
1431244635247054859,0.0
1431245423964876804,0.5
1431245982633758720,0.1363636363636363
1431246100040765447,0.0
1431246733086969856,0.0
1431246949349576707,0.4304545454545455
1431247078144069632,0.0
1431249742772772877,0.1166666666666666
1431250656548073479,0.1363636363636363
1431250810260705280,0.4
1431255455632920580,0.4833333333333333
1431256071100792842,0.2333333333333333
1431256343038603275,0.0
1431256448386830339,0.0
1431256454548185091,0.09375
1431256886041587715,-0.1666666666666666
1431257605800960000,0.5
1431259190522228738,0.6071428571428571
1431259814563303434,0.0
1431261339301863431,0.0
1431262545269207044,0.2666666666666666
1431262845749006339,0.3333333333333333
1431262923528318984,0.1363636363636363
1431262972517748746,0.0
1431263768114253829,0.0208333333333333
1431264248089432069,0.0
1431264347670593540,0.35
1431267540316168201,1.0
1431270810329751553,0.2333333333333333
1431271546052546563,0.3833333333333333
1431272301794824197,0.0
1431272409747783680,0.3125
1431275354392604673,0.409090909090909
1431276936366411777,0.6000000000000001
1431277283986264065,0.0
1431277504082366465,0.0999999999999999
1431278022494195724,0.4833333333333333
1431278749190922254,0.0
1431279204574773254,0.075
1431281280981815296,-0.2253787878787878
1431282342971248640,0.2
1431282377511383042,0.1363636363636363
1431283049510080522,0.0
1431284020499734534,0.0
1431284254604943365,0.0
1431285299036909573,0.3571428571428571
1431285682014760973,-0.7142857142857143
1431288079244005389,-0.2708333333333333
1431288912442449923,0.0333333333333333
1431289264554250243,0.0
1431289307906650114,0.0
1431290530839900169,0.0666666666666666
1431290629145993220,0.0666666666666666
1431292204320837634,0.1363636363636363
1431293219053006848,0.5666666666666668
1431293504710483970,0.0
1431294159248183298,0.325
1431298613574086663,0.16
1431298753630285834,-0.1
1431300580044070912,0.4375
1431301842470854657,-0.025
1431303442169950213,0.1363636363636363
1431304262504615941,-0.5
1431304353785208840,0.0
1431305522230091782,0.5
1431306182338043907,0.5
1431306682668355590,0.0
1431306685516181510,0.5
1431308205397839875,0.5
1431308439779745792,0.65
1431309365320069125,0.0681818181818181
1431310277547528192,0.3
1431310800874999810,-0.05
1431310925160587265,-0.05
1431312019660095492,0.5
1431312068385280004,0.0
1431313537905856513,0.0
1431313863211950080,0.0
1431315218110369793,0.2166666666666666
1431316256272134147,0.4
1431316666768560135,0.0
1431316816580603908,0.5
1431316862483247105,0.4374999999999999
1431316872713183232,0.5
1431317217711325185,0.3125
1431319113121497088,-0.3
1431319360627527683,0.1
1431321612515741701,0.1166666666666666
1431321621038522372,0.5
1431322243506659331,0.0
1431324145866838019,0.0
1431325418523545603,0.4833333333333334
1431327035847290882,0.0
1431328518848323590,0.0
1431329941296082945,0.5
1431330195512852482,0.1124999999999999
1431331393674616838,1.0
1431331583642902534,0.5
1431331754099585038,0.05
1431331985574801410,0.0
1431333020879896581,0.5
1431333127910211599,0.5
1431333617679036419,0.25
1431334580242591754,0.0
1431334814695792644,0.0781746031746031
1431335386295545862,0.5
1431335512942514181,0.0
1431335547260313605,0.5
1431336312414605317,0.1875
1431336407147155460,0.0
1431337689647919108,0.0
1431338909447835653,0.0
1431340400837636096,0.0607792207792207
1431340787627970560,0.1027777777777778
1431341264365105159,-0.0333333333333333
1431341489506988038,0.3333333333333333
1431341938087714822,0.35
1431342417039532034,0.6734848484848485
1431343091441668103,0.0
1431343498092072965,0.0
1431344812352016384,0.0
1431344997647982593,0.4333333333333333
1431347316510789633,0.1049999999999999
1431352868318056450,0.1583333333333333
1431353120207085573,0.1
1431354217260802048,0.0
1431354219072671744,0.1363636363636363
1431355057702793218,1.0
1431357288976052224,-0.1277777777777778
1431357763737686016,0.0
1431358725093220352,0.325
1431360491868200960,0.0
1431360669350301697,0.0
1431362141987254273,0.3
1431362667311140875,0.4232323232323232
1431362673103413248,0.1363636363636363
1431365559111798788,0.0333333333333333
1431367847683313665,0.1363636363636363
1431372161877413894,0.0
1431374371319332869,0.0
1431374642216796161,0.05
1431376710277140482,0.0124999999999999
1431376895032057856,0.0
1431377344858570757,0.125
1431377497103511557,0.0
1431378234277613580,0.3
1431378528017154050,0.25
1431378560388829184,0.58
1431382253112856584,0.0
1431384169049993223,0.3708333333333333
1431385349486485504,0.2942857142857142
1431386559773872129,0.0
1431387693498478592,0.05
1431389379004563459,0.5
1431391730406805510,0.0
1431391860665159684,0.0
1431393393205256194,0.0
1431393707438264320,0.0
1431393915450576904,0.1363636363636363
1431395678819794948,0.0681818181818181
1431395683097985024,0.0454545454545454
1431395685249675273,0.0681818181818181
1431395686939979780,0.0454545454545454
1431395687267061762,0.1363636363636363
1431396235697606660,0.0
1431396418648948738,0.5
1431397357145534468,0.18
1431397627904602121,0.0625
1431398131183329283,0.1363636363636363
1431398562588348419,-0.1875
1431398654879862792,0.0388888888888888
1431399287947153410,-1.0
1431399555975852035,0.25
1431400780741820418,0.1580952380952381
1431401266219995142,0.1681818181818181
1431404616319651841,0.0
1431406627102629890,0.0
1431407064509681665,0.0
1431407971695833094,0.0
1431408256417685508,0.35
1431408301053468678,0.0
1431408570688434177,0.0
1431409261645484033,0.02
1431409394974142473,0.2512310606060606
1431410250498777090,-0.0212121212121211
1431414361872953348,0.0
1431414732066484226,0.0681818181818181
1431414736378159108,0.1363636363636363
1431414738030792704,0.1363636363636363
1431414777633464321,0.0
1431414798890196993,-0.3
1431415457811099651,-0.3
1431420847823065088,0.0
1431421349000515589,0.5
1431421472942219265,0.0
1431422060836782081,0.1666666666666666
1431422064108490752,0.3
1431423046628233219,0.0
1431423932536610819,0.0
1431424347894386694,0.0
1431424689264496645,0.0
1431428025858412547,0.7
1431428831194271750,0.5
1431428991236280320,0.1625
1431429005484433416,0.0555555555555555
1431429144928268290,0.0
1431430169873592323,0.4375
1431430586309165059,0.5
1431430604797579264,0.3999999999999999
1431431140234121216,0.1611111111111111
1431431163575406593,0.0
1431431517822140420,0.0
1431433022088306691,0.8
1431435292905463813,0.0
1431438619378688002,0.1363636363636363
1431438808898228235,-0.1359375
1431438890729156613,0.0
1431440047891431427,0.1953125
1431440750714101765,0.0
1431440903407759361,0.0
1431445166078967811,0.0
1431446622974660608,0.0
1431453069368246273,-0.0629629629629629
1431461472530362370,0.1363636363636363
1431462049184374786,0.0
1431465329360785409,0.35
1431465609997524994,0.0
1431468166257991682,0.0
1431473345795481600,0.1363636363636363
1431476900816461832,0.2315340909090908
1431477811391438850,0.0
1431479227967320066,0.15
1431479688623542272,-0.25
1431479765781913601,0.0
1431479965413822464,0.1681818181818181
1431481221549215746,0.0572727272727272
1431482250416332803,0.125
1431488819895967744,0.0
1431488826908856321,0.0
1431490500410871811,-0.4755208333333333
1431491116998725635,0.3181818181818182
1431492604022050816,0.1333333333333333
1431494199417901056,0.09
1431496858925416448,0.0
1431497168607596550,0.125
1431499573885812736,0.1363636363636363
1431499644023017475,0.0
1431501437524008961,0.0
1431502888325500933,0.0
1431504561278234626,-0.05
1431504588482433024,0.25
1431504956566163462,0.2431818181818181
1431509311264600064,0.2321428571428571
1431511812743127042,0.2
1431512256378986498,0.0
1431513153381101572,0.0
1431513769595715590,0.2181818181818181
1431514837968953346,0.25
1431519408069832704,0.0
1431520310029864960,0.2065656565656565
1431520915649490945,1.0
1431527474282762243,0.2
1431527613021888514,0.2681818181818182
1431527734056992775,0.125
1431529020231933956,0.125
1431529453717315587,0.0681818181818181
1431529454270967815,0.1363636363636363
1431530377299079168,0.125
1431531115353935875,0.125
1431535079948361730,0.3035714285714286
1431536546042155008,0.2666666666666666
1431536709221638155,0.0
1431541099227713536,0.1363636363636363
1431542483515691013,0.3999999999999999
1431543335383150595,0.3833333333333333
1431547182239436802,-0.05
1431553317277159426,0.5
1431555120664391681,-0.15
1431556352976068613,0.0
1431558816093458432,0.0
1431559784923222020,-0.3666666666666667
1431560278097936391,0.0
1431562248204423173,0.0
1431563826315550720,0.0
1431565366581514240,0.0
1431566821736525829,0.425
1431569291791400970,0.4125
1431570386286690306,0.125
1431571777768001536,0.0
1431573558078189569,0.25
1431575775434657798,0.2749999999999999
1431576172190646278,0.175
1431584193604169730,0.66875
1431585564453707778,-0.1
1431585815260536834,0.2
1431588111557947393,0.0
1431588637410537479,0.0
1431589580604678147,0.3125
1431590171632357377,0.3125
1431591322851348482,-0.1666666666666666
1431593362000318477,0.0499999999999999
1431595384120303617,0.8
1431598904508833794,0.0
1431599109836709891,0.3708333333333333
1431600565927170051,-0.0859375
1431604802958602242,0.1333333333333333
1431604829776871426,0.1699999999999999
1431604988577566722,0.0
1431610983894630406,0.0
1431613150596587520,0.0
1431613285044928521,0.0
1431615196070498312,0.0
1431616691289694214,0.4277777777777777
1431616810193850371,0.0
1431618863414743044,0.0
1431620952643756041,0.2
1431621558964039681,0.0
1431622036405764101,0.375
1431626454039552001,0.0
1431626997013237760,0.25
1431628391703146498,0.0
1431628572012187652,0.0
1431628962116030465,0.0
1431629020899143684,0.5
1431632625056288768,-0.1
1431633683518164995,-0.05
1431633932701900812,0.3
1431634188378255368,0.5
1431634230962835461,0.5
1431635762429239305,0.4
1431635823078768640,0.0994318181818181
1431636556239024130,0.0
1431637347645345795,0.0
1431639003694911490,1.0
1431640229694300169,0.0
1431641021348253697,0.4496515447443182
1431642339085275137,0.0
1431642380382388230,0.425
1431642735438491653,0.640625
1431643347597369344,0.4486111111111111
1431643742503673856,0.1420454545454545
1431646670945669126,0.0
1431648930027167746,0.0
1431651290661142532,0.0
1431651291944693765,0.1249999999999999
1431651293249085443,0.1
1431652203131932675,0.2
1431652461622800388,0.0
1431661249876709381,-0.065625
1431661830682841092,0.3255208333333333
1431662674488676353,0.0
1431663201700261892,0.0
1431665116102074370,-0.05
1431666601154256903,0.25
1431668186148077571,0.4833333333333334
1431668228208594944,0.125
1431671208358002690,-0.0499999999999999
1431671968974184454,-0.1
1431673597383348228,0.0111111111111111
1431674257180815366,0.4833333333333334
1431674290198302724,0.5
1431675222504218628,0.040625
1431675628739170310,0.05
1431676213647470596,0.0
1431676299303587845,0.6
1431676843791249413,-0.1
1431677821592559617,1.0
1431678745069424644,0.1242424242424242
1431679467152306176,0.25
1431680821426106369,0.0555555555555555
1431681133666779138,0.0
1431685256709562370,0.0
1431687095542759426,0.0
1431689043897720836,0.0
1431689395392897025,0.0
1431690466806878211,0.6749999999999999
1431691063169720322,0.5
1431692976217075716,0.2722222222222222
1431694355710971905,0.0
1431696291566809093,0.25
1431697016443314183,0.0
1431697325316001792,0.5681818181818181
1431697515028443136,0.0
1431700275920834566,-0.05
1431703196507033608,0.0
1431703228186562560,0.0
1431703428351266820,0.0
1431703967470395392,-0.1875
1431704233850458112,0.0
1431704745173864450,0.5
1431705088343658501,0.1
1431706360270532616,0.3208333333333333
1431708700566175745,0.4833333333333334
1431709592967385088,0.0
1431710620198572038,0.4375
1431712129011306499,0.5
1431719118151979010,-0.05
1431719734299529220,0.0
1431720236412293122,0.0
1431721726673575946,0.075
1431721826212671490,0.0
1431722672958935049,0.1854166666666666
1431722847156719619,0.0
1431723304394559491,0.1333333333333333
1431723390474330120,0.5
1431723611409182720,0.15
1431723867593191424,-0.025
1431724424580018178,0.2333333333333333
1431724784648220677,0.5
1431727159027118089,0.1363636363636363
1431727863070437385,0.5681818181818181
1431729278123642884,-0.05
1431729586820222982,-0.1
1431730444681232391,0.625
1431730919912714241,0.0
1431732288169992199,0.0
1431732892883767296,-0.1
1431734536040169475,0.15
1431734881881575425,0.0
1431735168184696832,0.0
1431735405867634695,-0.05
1431737059232784384,0.0
1431738010526179336,0.8
1431738501729423361,0.2
1431739936689037318,0.0833333333333333
1431740043606036480,0.0
1431740596901777416,0.0
1431741102881587207,0.0
1431741118568337414,0.0
1431746077527613440,0.0
1431746684879609863,0.0
1431747327849480195,0.0
1431751196826484739,0.4833333333333334
1431752864511270916,0.5666666666666667
1431753130853781506,0.0
1431754409139007490,0.0
1431755235337412610,0.16
1431756777968869377,0.1625
1431759461098602501,0.4499999999999999
1431759830176382978,0.4
1431760091385061381,0.0
1431762441252360196,-0.125
1431767733180370946,0.0
1431768948656181251,0.125
1431772370155577347,-0.0333333333333333
1431772714868482050,0.0681818181818181
1431772716684562434,0.0681818181818181
1431772718219739140,0.0681818181818181
1431772720128094208,0.0681818181818181
1431772723164811269,0.0681818181818181
1431773066313428998,0.8
1431774354308845568,0.1363636363636363
1431775469133697031,0.1333333333333333
1431776508016619523,-0.0666666666666666
1431777124231249926,0.0
1431777198537592832,0.0
1431778320300052484,-0.1
1431778975680897025,0.1363636363636363
1431779531308814341,0.0
1431779573059002370,0.5681818181818181
1431779976966295557,-0.0972222222222222
1431780793177812998,0.06
1431782551161556994,0.0
1431786457648308227,0.4027777777777777
1431792762395922438,0.4000000000000001
1431794180116918273,0.3499999999999999
1431794538729951238,0.0333333333333333
1431797291128696834,0.1363636363636363
1431798069495046147,0.0
1431798340652392450,0.0
1431801940795592707,-0.0170454545454545
1431805382930862080,0.0
1431807954454388736,0.8
1431810707495038976,0.0454545454545454
1431812448873586688,0.45
1431812647780065280,0.3125
1431812850348142594,0.2272727272727272
1431814238004252681,0.0
1431817374886400001,0.0
1431817834204651526,0.0
1431818764690014212,0.1363636363636363
1431819508692439043,0.05
1431819874553237508,0.0
1431820488737701888,0.2
1431820656136663040,0.1363636363636363
1431821537695473669,0.0
1431821865857732613,0.4121212121212121
1431822328690880512,0.1363636363636363
1431823168197570562,0.1753246753246753
1431824369320398850,0.0666666666666667
1431825946919641090,0.0666666666666666
1431828418857824261,0.52734375
1431828984136937472,0.1
1431829198910414851,-0.2
1431830573253906432,0.2928571428571428
1431831486756388867,0.5
1431831487909744640,0.5
1431832628399943684,0.0
1431834733101518853,0.5
1431837702786371585,0.1363636363636363
1431837817211080704,-0.1318181818181818
1431840351451373573,1.0
1431840915342168067,0.0
1431840916470439940,0.0
1431841721269297153,0.0
1431843459409891328,0.0
1431843461540495361,0.0
1431844870176530434,0.4666666666666666
1431845938532913152,0.0
1431845939501744129,0.0
1431846370047107076,-0.05
1431848127884058629,0.0
1431848482717982720,0.0
1431848482873167873,0.0
1431855176994885633,0.0
1431855564871585793,0.5
1431857202046906369,0.0
1431857945864716288,0.2431818181818181
1431858297879990275,0.0
1431858470505095173,0.2666666666666666
1431860987947151360,0.0681818181818181
1431863827260395521,0.0
1431864053530513413,0.0
1431864227963326466,0.05
1431864617739988994,0.0041666666666666
1431868345347870721,0.0
1431869746752876545,0.25
1431869750460616704,0.1136363636363636
1431870614873251842,0.0
1431870795798786051,0.05
1431878498906411009,-0.2
1431878827580567553,0.0
1431879332780257280,-0.0138888888888888
1431881631451828225,0.0
1431882739356258308,-0.1
1431883702867427338,0.1363636363636363
1431884463877738502,0.0
1431884653611425799,0.1363636363636363
1431885063671648259,0.0
1431885315636187136,0.0333333333333333
1431887960279068672,0.0
1431892392127471616,0.5
1431893171806642177,0.0333333333333333
1431897978529325063,0.4
1431901130917822464,0.0
1431906274535526405,0.0
1431908278901121027,0.4787878787878788
1431908279534473216,0.2472727272727272
1431908560825356289,0.5
1431910051934089216,-0.0166666666666666
1431910289742737408,0.3
1431913992079949827,0.1787878787878787
1431914683380994051,0.0333333333333333
1431915213696208901,0.4181818181818181
1431918377354907649,0.0
1431919865028386820,0.5916666666666667
1431921266899005441,0.0
1431923224263208967,0.0
1431923383466446848,0.1
1431923983935488002,0.0
1431924012334997506,0.0
1431925496946827266,0.175
1431930189261402113,0.1065340909090909
1431931198658338820,0.0666666666666666
1431935084454580230,0.0674242424242424
1431935269905879041,0.0
1431935392652091392,0.3166666666666666
1431935494389129216,0.85
1431935912477331457,0.1937499999999999
1431939760537362443,0.0787878787878787
1431942173730037762,0.0681818181818181
1431942612886380559,0.4
1431943070321369089,0.4861111111111111
1431943409841881089,-0.0333333333333333
1431945718453964804,-0.0681818181818181
1431946361319133191,-0.1666666666666666
1431946773954715650,0.325
1431952779258466309,0.35
1431953148558462986,0.0
1431953536129044481,0.0
1431954031094767624,0.0
1431958859568930817,0.675
1431958940519108612,0.0
1431959966731100166,-0.1
1431961903283126274,0.525
1431961959340064772,0.0
1431967880690601988,0.2375
1431968256651407360,0.4875
1431968729907220480,0.0
1431970669248479232,0.0
1431974984625180672,0.85
1431975388750643200,-0.5
1431976112293355520,-0.3458333333333333
1431977012848209925,0.0
1431978007405735948,-0.4508928571428571
1431978031556530182,0.0
1431980857485582345,-0.0499999999999999
1431981914135597056,0.0
1431982356185829381,0.15
1431982729483194369,0.0
1431983723793170436,0.0
1431984986584932352,0.3
1431985321059631104,-0.0333333333333333
1431985617555054596,0.3869047619047618
1431985937651847169,0.1
1431986961657499648,0.3869047619047618
1431987527125196813,0.1
1431990128088653824,0.0
1431991254427095050,0.0
1431991721106100227,0.15
1431992110769754115,0.1535714285714285
1431993698158407688,0.15
1431993943265251332,0.0
1431993944230010881,0.0
1431994623799537664,0.0
1431994736303353857,0.1006944444444444
1431995102595928074,-0.25
1431995187849580557,0.0
1431996493716676608,0.2
1431996952573403144,0.0
1431998068044357632,0.2666666666666666
1431998238287024131,0.6000000000000001
1432000266581205000,0.0952380952380952
1432000679925600258,0.6000000000000001
1432001856595660806,0.0
1432002143355998214,0.0
1432002146984103938,0.0
1432002473791733767,0.0
1432002473829576712,0.0
1432003043944370181,0.05
1432003744917438465,-0.1666666666666666
1432003747597611015,0.175
1432004099944312834,0.0
1432004101567483912,0.1
1432004632125992965,0.0
1432004776628080640,0.0
1432004907838623748,0.6
1432005098163429377,0.0
1432005099711131653,0.55
1432005373171437577,0.0
1432005393077530624,-0.0166666666666666
1432005812801605634,0.0208333333333333
1432005862483275777,0.2416666666666666
1432006068977106949,0.0
1432006070679998470,0.5
1432006675314221056,0.6000000000000001
1432007661222985730,0.05
1432007662854496258,0.1166666666666666
1432007978819809284,0.1333333333333333
1432008231023378435,0.252
1432008591305625609,0.0
1432009030793195524,0.0
1432009032353472517,0.25
1432009225731907586,0.2083333333333333
1432009227308920838,0.0166666666666667
1432009261845032972,0.0
1432009360432062468,0.0
1432009560445919234,0.2553571428571429
1432010026047115267,0.3572727272727272
1432010409750540308,0.0
1432010795617964033,0.0
1432010797052428292,-0.0625
1432010798637846535,0.0
1432010800110002189,-0.45
1432011216470396930,0.1979166666666666
1432011834928754688,0.0
1432012217419923456,0.25
1432012458290384897,0.15
1432012459879976966,0.0
1432013637204410373,-0.0833333333333333
1432015246860894215,0.1333333333333333
1432018941476544513,0.1953125
1432020198580637699,0.2666666666666666
1432020592870367243,0.0138888888888888
1432020598679486467,0.1333333333333333
1432020601103732743,0.0333333333333333
1432020606229237761,0.1666666666666666
1432023136938217472,0.1931818181818181
1432026723902754825,0.85
1432027944415731722,0.5
1432029747014479872,0.0
1432030211093139460,0.3375
1432031311280017412,0.0
1432034063003574272,0.25
1432034366113337344,-0.05625
1432034822491308032,0.1666666666666666
1432036353559064578,0.5
1432038331617923073,0.5
1432041646594592777,0.76875
1432042213131755522,-0.1
1432042873915121665,-0.6999999999999998
1432044228696289282,0.0
1432045606021726210,0.4833333333333334
1432045937325592576,0.5
1432045937938083847,0.5
1432046337223282691,0.5
1432046514575085568,0.5
1432047154797834242,0.0
1432048015318061058,0.0
1432049924703604740,0.0
1432051141844549640,0.4
1432051313072738304,0.0787878787878788
1432055482102042624,0.3181818181818182
1432055558849409035,0.0
1432055630571835392,0.4833333333333334
1432056738946199555,0.0
1432057648774631426,0.05
1432059269994598406,0.1166666666666666
1432059828898205698,0.0
1432060205395693570,0.0
1432060498346799107,0.28
1432062165658312713,-0.3333333333333333
1432063008033890309,0.1
1432063386171305988,0.0757575757575757
1432064455077085185,0.5166666666666667
1432066936792395781,0.5
1432067176580751362,0.0
1432068044503744514,0.0
1432070321943756805,0.0
1432071915703873542,0.1363636363636363
1432075393083887622,0.0181818181818181
1432078061026086918,0.5
1432078209563209731,0.0
1432078409543397378,0.3687500000000001
1432079145060556800,0.275
1432079715242762240,0.18125
1432082083904589827,0.5666666666666668
1432082588609306627,0.5
1432084912803360780,0.4
1432085663554281479,0.4
1432086681046241283,0.25
1432087173822439426,0.5
1432088653283667971,0.1363636363636363
1432088725555658759,0.0
1432088771588022275,0.4375
1432089182420209665,0.0166666666666666
1432090189703233538,0.0454545454545454
1432090195269095424,0.0
1432090327297380353,0.5
1432092545396445188,0.645263671875
1432093261246705665,0.0
1432096265869873153,0.1166666666666666
1432096682347429890,0.5
1432098414876053507,0.0
1432100894024220673,0.5
1432103705696825349,0.225
1432103933288329219,0.1166666666666666
1432104044231680001,-0.05
1432104599834529797,0.1363636363636363
1432105148927598599,0.0
1432105878753353742,0.0
1432106440697778181,0.1363636363636363
1432106539855273984,0.0
1432107662842347520,-0.05
1432109443932516355,0.1363636363636363
1432109446193291264,0.1363636363636363
1432109447782961153,0.1363636363636363
1432109534324170755,0.762939453125
1432110189805596676,0.0
1432110650457661441,0.15
1432111784039682053,0.0
1432113025662738432,0.0
1432113616682110978,0.1944444444444444
1432114869185167360,0.0
1432115763104698385,0.0
1432118146106675202,-0.075
1432119411914182658,0.1136666666666666
1432119651555704840,0.09
1432120236782886912,-0.0888888888888888
1432120640031559683,0.0
1432125700564258819,0.15
1432126380804698118,0.0
1432127178502807554,0.0
1432130005660749828,0.0
1432130870618492928,0.4
1432131022406275074,0.1625
1432134481704468483,0.0
1432134499697975298,-0.025
1432134510695444481,0.0
1432135783184539649,0.5
1432135812498481152,0.0
1432137393641951239,0.0681818181818181
1432137399342088196,0.0
1432139486104805380,0.0
1432139639268130821,0.91
1432139703264940042,-0.6999999999999998
1432140507971391490,0.1464646464646464
1432141150073282561,0.0
1432141326808662017,0.5787878787878787
1432142431676510212,0.0
1432147549226422272,0.0
1432149504216633350,0.2121212121212121
1432153699174989824,0.3202380952380952
1432154797931642880,-0.05
1432160076492681221,0.0
1432164795315331074,0.0
1432168441205637120,0.125
1432168895541137412,0.3
1432170544846102530,0.0681818181818181
1432170545382969351,0.1363636363636363
1432170594691260419,0.0
1432171780391772163,-0.0041666666666666
1432176285199912960,0.2638888888888889
1432181664285962243,0.0
1432183375851401217,0.0
1432186058683396101,0.3703703703703704
1432195650662191106,0.0
1432196127168753667,0.0681818181818181
1432196127969841157,0.0681818181818181
1432196131564392448,0.0681818181818181
1432196135649562630,0.0681818181818181
1432196135670587395,0.0681818181818181
1432196140808609797,0.0681818181818181
1432196254088372232,0.0
1432196254088372232,0.0
1432196576731041792,0.0
1432198751376928770,0.5
1432205117902761985,0.0125
1432213326075863063,0.0499999999999999
1432213502085636096,0.25
1432214264463433728,0.25
1432224406605111296,0.0
1432225056067817475,0.0
1432227094377893888,0.0121212121212121
1432227777982472193,0.65
1432229413823950850,0.0
1432234859603312641,0.0
1432239749377363968,0.1261904761904762
1432242817045311490,0.0
1432243603695411200,0.0
1432246058680307712,0.0
1432252379664199686,0.525
1432253729672155138,0.0
1432254403243692038,0.0
1432255404671709185,0.1837662337662337
1432258298426834944,-0.1
1432263747461165056,0.75
1432267276716322816,0.0
1432269508824211457,0.1363636363636363
1432270880713945092,0.4
1432271512938037252,0.0
1432272792398057472,0.1
1432283796200574976,0.0
1432283962580295682,-0.1555555555555555
1432288605045760000,0.0
1432288653540270087,0.5
1432291183372353542,0.05
1432293563967094784,0.05
1432294164000133124,0.0
1432294355671334915,0.0
1432294759159275520,-0.4
1432296305993216007,0.0
1432296713277034499,0.0
1432297345195167756,0.3037878787878788
1432300812823265289,0.1055194805194805
1432307055919091715,0.8
1432314662842998784,0.0
1432314828765507589,0.0
1432317701201010688,0.0787878787878787
1432321513651384321,0.0
1432322277400530946,0.184375
1432322405322526722,0.25
1432325026796212227,0.5
1432327347923992584,0.25
1432328143747039239,0.11
1432329681311657984,0.45
1432330281038536710,-0.7142857142857143
1432331600361050119,0.4526785714285714
1432332266496303108,0.1363636363636363
1432333421963923456,0.1363636363636363
1432334891526537223,0.3333333333333333
1432334980265377798,0.675
1432335263540264965,0.0
1432335543669432328,0.0
1432339710769250309,0.78125
1432342164302966799,-0.2142857142857142
1432342272960512005,-0.1666666666666666
1432342822477307905,0.0
1432342993168740353,0.2
1432343063502917637,0.2333333333333333
1432343344852647940,0.0
1432343722545537025,0.1363636363636363
1432343809535496195,0.0
1432345161770672130,0.0833333333333333
1432346207154626569,0.451010101010101
1432346207339298818,0.451010101010101
1432346456858431493,0.0625
1432347588687187974,0.0
1432347765435215879,0.0
1432348559882526720,-0.125
1432349408385929219,-0.1833333333333333
1432349479877890057,-0.1
1432350035451293702,0.2
1432350943228530691,0.0833333333333333
1432356351439773701,-0.3125
1432357591653490692,0.35
1432357600964849667,0.0
1432357887989452803,0.875
1432359186298458113,0.2857142857142857
1432359518369890306,0.0
1432360330844413958,0.0
1432360721350684677,0.1931818181818181
1432361139275505664,0.0521212121212121
1432361739883061252,-0.3
1432362697979539458,0.1666666666666666
1432364105734701062,0.75
1432368257613377541,0.0
1432370459035770887,0.325
1432371387012947971,-0.025
1432371396106235911,0.0333333333333333
1432372920442101764,-0.3
1432373304585826307,0.0
1432374311294279685,0.0
1432376883799371779,0.0
1432378695365234688,-0.4545454545454546
1432379876250578944,0.5
1432382339456327681,0.0
1432382794018304004,0.55
1432384356631388160,-0.0374999999999999
1432385213816922113,0.25
1432385973237682179,0.45
1432387947748212736,0.2242424242424242
1432390011069009925,0.0
1432390182590984199,0.0
1432390922797465602,0.5
1432392024192323587,0.0
1432392531061481475,0.1704545454545454
1432394234192093184,-0.25
1432395158901960705,0.0
1432398039868747777,0.3773082386363636
1432398927974703105,-0.05
1432399038775578629,0.3125
1432399985199308800,0.0
1432400335063166979,0.1875
1432400707785662464,0.2
1432401262214107138,0.125
1432402838299291649,0.2537878787878788
1432404629099368448,0.1431818181818182
1432405274740944900,0.05
1432406083302092801,0.35
1432406621196636171,0.0
1432408380472188938,0.0
1432408909017460743,0.0
1432409479497216003,0.0
1432409505875341313,0.0
1432410064145498119,0.3
1432410066574004235,0.1
1432411973136928778,0.35
1432412240934805505,0.2
1432413990118957057,0.0
1432415376625729536,-0.0888888888888888
1432415680549298176,-0.2
1432418785768603648,0.1428571428571428
1432421855101554693,0.1375
1432423240786485249,-0.0166666666666666
1432423777690923010,0.0
1432424295238668294,0.0
1432425255222534150,0.0
1432425535209156617,-0.1
1432426094435602437,0.25
1432426651263057922,0.25
1432428560254488576,-0.1666666666666666
1432429051625488385,-0.25
1432430335971643394,0.5
1432430425482354690,-0.05
1432431308098076674,0.5666666666666668
1432431997150978050,0.0099999999999999
1432433081470750722,0.2857142857142857
1432437791582048264,-0.4861111111111111
1432437916865683456,0.4000000000000001
1432441131673915392,-0.0268518518518518
1432441910891712514,1.0
1432443248828633089,0.3903409090909091
1432443289916121090,0.0222222222222222
1432445660398194689,0.0
1432448658415529984,0.1363636363636363
1432450629578993666,0.2115885416666666
1432451544188923904,0.0
1432452384047783939,0.1666666666666666
1432452428893282305,0.5
1432452949842620419,-0.0333333333333333
1432455989584805892,0.0
1432457836899012612,0.0
1432458440878612481,0.0
1432459973942988800,0.0
1432460511703076866,0.0
1432462552366149632,0.1543294270833333
1432463168668938250,0.1363636363636363
1432463426908008454,0.0
1432464601770196993,0.0
1432464679457148931,0.584375
1432465259994882051,0.2375
1432466785941479436,0.0
1432466913649639425,0.0
1432469155702263808,0.0
1432469610314543107,0.0
1432469842628517893,0.5
1432470706197909507,-0.025
1432470721389813760,0.1363636363636363
1432471927613005828,0.5
1432472622441189379,0.25
1432473383594303493,0.0
1432473717771317249,0.0
1432474884790054916,0.0
1432481323592011784,0.0
1432483145258049539,0.0
1432484044000796676,0.0
1432484068202065924,0.59375
1432485805914796033,0.3
1432487224042479623,0.0
1432489760996700165,0.45
1432490023304237056,0.0
1432490852300034050,0.0
1432493572536864771,0.0
1432494476337975300,-0.4041666666666666
1432494487629012992,-0.1833333333333333
1432495952619884544,0.0
1432497817377861636,0.5
1432503382238023684,0.0681818181818181
1432507155526078469,0.25
1432509951621013504,0.1166666666666666
1432509968121425922,0.0333333333333333
1432511131311091712,0.0
1432512912732655616,-0.1818181818181818
1432513939414343681,0.0
1432516169609609224,0.0
1432517550634528768,0.0
1432518110523789313,-0.2666666666666666
1432518485469507590,0.0
1432521343891804162,-0.3125
1432521675321618440,0.0
1432521840598167557,0.0454545454545454
1432523007742914560,0.0333333333333333
1432525186981502977,0.5
1432526540156424198,0.125
1432528853423951875,0.2406684027777777
1432529471840587777,0.0
1432532872196345862,0.0
1432534987891429379,0.0
1432536130956627968,0.0438060606060606
1432542080337788932,0.0
1432542597864738819,0.0
1432543426319323138,-0.03125
1432544581258817537,0.5
1432544978522099717,0.18
1432545859225403396,0.3242424242424242
1432547189910241283,0.0
1432548283100983305,0.5
1432548534629380099,0.8
1432549377407602691,0.8
1432551047034294274,0.0
1432551419232591873,0.0
1432552610209222656,0.0333333333333333
1432553358359924736,0.0
1432553521040162821,0.2722222222222222
1432558294812577801,0.125
1432558726372859907,-1.0
1432558992119771136,0.4028571428571428
1432561183060418564,0.0
1432564397411549185,0.16
1432568982045958146,0.0
1432569567532896257,0.625
1432570280048840705,0.2
1432574022584135683,0.0
1432574127001374720,0.1666666666666666
1432574138804162560,0.1948051948051948
1432574653218840587,0.0
1432581048270000131,0.0
1432582363125587971,-0.1
1432588342584094722,-0.2
1432589723747426309,0.0
1432593314167939073,-0.5
1432593432409743364,0.125
1432595202313572354,0.125
1432597065952075776,0.0
1432598180751888386,0.125
1432599653028188161,0.0
1432602963923685377,0.0681818181818181
1432604777544929280,0.0
1432607838342422529,-0.4005681818181818
1432609117701435395,0.075
1432609612730011649,0.0666666666666666
1432610509870678019,0.425
1432610863857422339,0.78125
1432613113619173378,0.640625
1432614267338043394,0.0055555555555555
1432617174338871296,0.1495620265151515
1432617915933765632,-0.1875
1432620052445028352,0.5
1432623220490858507,-0.1222222222222222
1432623225977012230,-0.0791666666666666
1432625278396686343,0.0
1432627222603513857,0.35
1432630675526541318,0.0
1432633942394429446,0.0
1432635740454850561,0.35
1432639582517047301,0.0
1432641072438546433,-0.1222222222222222
1432641078050521088,-0.0791666666666666
1432642017230790657,0.0
1432643348360318976,0.1375
1432645224959029255,0.0
1432648116436668417,0.0285714285714285
1432648369957007362,0.0
1432655430321328136,0.0
1432657491620290567,0.0
1432660771230531590,0.5
1432661212555317255,0.3
1432661536363921411,0.0
1432663214232416259,0.0
1432669573623463944,0.5
1432671949361197060,-0.2
1432674926494814209,0.0681818181818181
1432675416251240452,0.3
1432678069421101061,0.3125
1432678582971617281,0.0787878787878787
1432679243188744198,0.0
1432680608551956484,0.0
1432680755671572485,0.0
1432681212431110154,0.35
1432682219533971459,0.0
1432682963754496007,0.0
1432684082920628229,0.2666666666666666
1432684589785522177,0.0166666666666666
1432685133086269445,0.09375
1432685357502537734,0.6
1432685628609683463,0.0
1432687450850201604,0.0
1432689904417480705,0.5
1432690655596138497,0.0
1432692693965099009,-0.0999999999999999
1432693415515500547,-0.3166666666666666
1432696028780642304,0.3083333333333333
1432696470600306688,-0.0238095238095237
1432696837299834886,0.5666666666666668
1432696843155218442,0.0
1432697278381363214,0.0
1432697344449859584,0.25
1432701339755286532,0.4833333333333334
1432703368347201550,0.0492424242424242
1432703373728522242,0.0
1432704690731503623,0.1071428571428571
1432705149210931205,0.0
1432708530277167124,0.1136363636363636
1432709601233879048,0.35
1432710247186112534,0.0
1432711387797655562,0.0
1432712655639392258,0.54
1432713106367684631,0.0
1432715031246934016,0.1818181818181818
1432715275451998221,0.0
1432716989538127874,0.1363636363636363
1432719089693302804,0.275
1432719253996818439,0.0499999999999999
1432719548340490245,0.0
1432719806038425610,-0.1
1432721358690062339,0.1666666666666666
1432721365174472705,-0.1899470899470899
1432721399429439499,0.4000000000000001
1432721764681981968,0.8
1432722321068937229,0.1999999999999999
1432723806808907780,0.0
1432725245903867905,-0.0333333333333333
1432727369022853126,-0.0625
1432729644768260098,0.0952380952380952
1432732786281140224,0.0
1432733896442105860,-0.425
1432734066223112195,0.6000000000000001
1432735419733446656,0.5
1432736073151508483,0.0
1432736436088868867,0.8
1432736695749840901,0.0
1432736856672804874,0.0
1432736881763045385,0.375
1432738103622610947,-0.0333333333333333
1432739032920956929,0.0333333333333333
1432739238068453379,0.5
1432741142827872259,0.3787878787878787
1432741147072471041,-0.078125
1432745631601201157,0.5
1432746025886928902,-0.1
1432747266511568896,0.0
1432748239938195456,0.65
1432750168135307265,0.5
1432751247329792002,0.0
1432751484752568327,0.390625
1432755250453155842,-0.0833333333333333
1432760865808261124,0.5
1432761747514003463,0.35
1432763078156840963,-0.3625
1432765312735252483,0.4166666666666667
1432765639593181191,0.0
1432766646670745601,-0.1
1432768479472541698,0.1363636363636363
1432771127537848324,0.15
1432772388043714560,0.5
1432773947351654401,0.2681818181818182
1432776204235517954,0.0
1432776440668372995,0.4625
1432778537883287553,-0.0052083333333333
1432781730277052424,0.0
1432782556773158918,0.0
1432782950446219265,0.4833333333333334
1432784222733864962,0.0
1432785393049423872,0.5
1432785525044248582,-1.0
1432788504778477568,0.0
1432790986489430019,0.0
1432791206413496320,0.0
1432792836429082624,0.5
1432794399096848387,0.0
1432796829964390403,0.1
1432797505113051142,0.1363636363636363
1432797782331596805,0.5620644309303977
1432798216911826947,0.25
1432799102425763851,-0.1
1432799108062928897,-0.025
1432799300447260682,0.0
1432800075256717319,0.1363636363636363
1432801635403718660,0.0
1432803103691128833,0.35
1432803394117267456,0.3333333333333333
1432805030348791812,-0.0833333333333333
1432805498676416514,0.15
1432807101772886024,0.0
1432807631933132801,0.3125
1432808611235995652,0.3866666666666666
1432808832825118720,0.0277777777777777
1432809682498850817,0.0
1432811100223930369,0.4833333333333334
1432811592253677568,0.3083333333333333
1432812826129846278,0.0
1432813467891748865,0.0
1432813789741678605,0.3083333333333333
1432814300788236290,0.5666666666666668
1432815959086039042,-0.6
1432816183800053760,0.5041666666666667
1432818529607340035,0.8
1432819624895201284,0.0227272727272727
1432821192444895232,0.1363636363636363
1432823566303641602,0.1363636363636363
1432823776459116544,0.0
1432825597789671424,0.546875
1432830480123142145,0.2280844155844155
1432832133966413832,0.35
1432834266774319105,-0.1
1432834487394529280,0.0681818181818181
1432836871801999362,0.75
1432841268258918402,0.0
1432841819830689792,0.0
1432842669881974785,0.0424242424242424
1432846487742992390,0.2681818181818182
1432847991321280521,0.0
1432848298050613254,0.25
1432849607458017280,0.33
1432853517350359044,0.5
1432855086309445634,0.575
1432856117067993093,0.1931818181818181
1432859378395271171,0.8
1432859513028231170,-0.3318181818181818
1432860790948827138,0.0
1432863649031413761,0.1363636363636363
1432863850077032449,0.1104166666666666
1432866536549765120,0.0
1432866611094953992,-0.125
1432866857711718400,-0.5
1432868934785585152,0.6666666666666666
1432869307684425730,0.0681818181818181
1432870080573067267,-0.05
1432870757055418368,0.0971245659722222
1432871606703910914,0.2
1432871612299165696,0.0
1432871836568616967,0.1333333333333333
1432875335834505216,0.252840909090909
1432877101015785478,-0.075
1432877255156551683,-0.034090909090909
1432878303950655489,0.0111111111111111
1432879528095981570,0.0
1432880254947835904,0.1931818181818181
1432884814349156354,0.0
1432886561549340675,0.0
1432887874731511809,0.0
1432888473480990725,1.0
1432889287976964097,0.0
1432892089772216321,0.0
1432895796899426308,-0.1818181818181818
1432902047829934086,0.0
1432902295419703298,0.0
1432902562596933637,0.5
1432902563393769476,0.4000000000000001
1432903526175346693,0.2875
1432906639556894721,0.0954545454545454
1432910732446797824,0.0
1432911626982727681,0.3333333333333333
1432915327499882496,-0.0479166666666666
1432916759036641282,0.1931818181818181
1432922595079462913,0.0
1432923503217582082,0.1363636363636363
1432930355804139520,0.1
1432931403948335107,0.0
1432934237259190278,0.1363636363636363
1432934871408721921,0.1305555555555555
1432935144428552193,0.3388888888888888
1432935341120495616,-0.125
1432936406414942208,0.4375
1432938880735621121,0.0
1432940494036815872,0.0814814814814814
1432943697109274625,0.0
1432944490592051201,0.0
1432945955091910658,0.0
1432946127540834304,0.0
1432946469712154627,0.0
1432946551706603520,0.0
1432946713149394945,0.07
1432946796721053697,0.0
1432947016309657600,0.0
1432947228868587520,0.0
1432947403322179585,0.0
1432947562202415105,0.0
1432947835155226626,0.0
1432948065418289156,0.0
1432948089120346114,0.1363636363636363
1432948230225108995,0.0
1432948516050116609,0.0
1432948585373605888,0.1363636363636363
1432948718613917697,0.0
1432949144189026306,0.0
1432949303874576384,0.0
1432949342952902659,0.0
1432949549522358278,0.0
1432949820436668417,0.0
1432950020366643204,0.0
1432952245654462472,0.0
1432958872424046593,0.3125
1432960159567908866,-0.1299999999999999
1432962188549840896,0.0
1432962194224795653,0.09375
1432963834948423685,0.0
1432964849114484737,-0.4
1432965215994343430,0.25
1432966158794182656,0.4
1432967105721380866,-0.04375
1432969989019947013,0.0
1432970526922838020,0.0
1432973451799654407,0.0
1432977076861214721,0.125
1432977802509250560,0.125
1432978564266139655,0.25
1432978577436254211,0.0
1432978624777498624,-0.55
1432981177359470594,0.0
1432983272322002944,0.05
1432983668423905280,0.1
1432985960745246725,0.1984217171717171
1432986098062352384,0.0
1432987379825102849,0.0
1432988189929652226,0.0
1432990743111610371,0.0
1432991006358601730,0.1363636363636363
1432991158146199555,0.625
1432991930854649857,-0.0083333333333333
1432993264160833538,-0.2277777777777778
1432995563323199488,0.0
1432996463303331841,0.0
1432999709040275463,0.0
1433006774915764225,0.0
1433007841275781122,0.0
1433010703758020613,0.0
1433011924610990089,0.3125
1433013665238863880,0.1363636363636363
1433016043853598720,-0.0363636363636363
1433023731404845060,0.0
1433027867542052864,0.0
1433031736473104387,0.0
1433035303644635138,0.0
1433037444908158994,0.3333333333333333
1433037705907220485,0.4666666666666667
1433040918446317573,-0.05
1433041285712015360,0.4166666666666667
1433042065169035271,-0.4
1433044074790019073,0.875
1433044368273911815,0.0787878787878787
1433047222460030976,0.0916666666666666
1433048589178179588,0.1278409090909091
1433052796392071180,-0.2277777777777778
1433054085863804934,0.0
1433056186543181827,0.0
1433056345587077122,0.0
1433057757972733957,0.2333333333333333
1433058443410100231,0.1083333333333333
1433058565015719945,0.0666666666666666
1433058912886874115,0.0
1433059603000987648,0.0
1433062335091027973,0.5391071428571428
1433063733459259398,0.0848484848484848
1433063733929127939,0.0916666666666666
1433063738953764865,0.4
1433064877766021120,0.0
1433066031220727809,0.1278125
1433067267235876870,0.0
1433068117370949639,0.0
1433069022963175428,0.0
1433069400261758985,0.0
1433069544906498058,0.35
1433070941785911298,0.0618686868686868
1433073545278414856,0.0
1433074095558692870,0.0681818181818181
1433074278505852930,0.0
1433075201357586438,0.6166666666666667
1433075997985869824,0.0333333333333333
1433076173173579783,-0.0333333333333333
1433076319366098947,0.0
1433077557830856719,0.0
1433078533719527428,-0.1
1433079184440512513,0.1609375
1433080403464802305,0.0
1433080776543854593,0.0
1433082720163450881,0.0
1433084552281530372,0.3125
1433085765576282113,0.2272727272727272
1433086384802308104,0.75
1433087307582746626,0.0
1433089864023658500,0.0
1433090791371464711,0.1
1433091214513893382,0.5
1433092152075210755,0.0
1433092918588305408,0.1166666666666666
1433094956911153155,0.0
1433097364621963266,0.3458333333333334
1433098689090891777,0.0
1433099890809180162,0.0
1433100107939991554,0.3125
1433100497116860421,0.2
1433101114824613890,0.1666666666666666
1433101200271020033,0.0
1433101652681179137,0.2041666666666666
1433102119435964416,0.0
1433102803631853570,0.0
1433103654622466051,0.1363636363636363
1433104448579153922,0.0
1433104730545340421,0.0964285714285714
1433105492440752128,0.0555555555555555
1433105831793500161,0.0
1433106539527737351,-0.1875
1433107031838367750,0.0
1433108023950462980,0.2142857142857142
1433108589741182978,0.0
1433108651577913346,0.0
1433109387065761794,0.1428571428571428
1433109687059156994,0.5
1433110060322869249,0.35
1433112839636635649,0.0
1433113217933402112,0.1556818181818181
1433114613491642370,0.3428571428571428
1433115318499651591,0.451010101010101
1433116143976386562,0.0
1433116806777118724,0.0
1433117080967024641,0.0249999999999999
1433117086608285697,0.0681818181818181
1433118076879343618,1.0
1433118309432455171,0.5
1433121503080550400,-0.5499999999999999
1433123629257027585,0.0
1433125132025819136,0.0
1433126345098207239,-0.05
1433126925594238987,0.0
1433127309872037889,0.075
1433127637451427845,0.4681818181818182
1433127857593614337,0.1428571428571428
1433130169661677569,0.1936026936026935
1433130299647463430,0.0
1433131391701630981,0.4166666666666667
1433135606851330055,0.0
1433135854822703104,0.0
1433136340166578177,-0.4
1433136910021668870,0.2166666666666666
1433141753876553728,0.2
1433142832580153344,0.0
1433143622808055809,0.325
1433143840203018247,0.0333333333333333
1433144953614520323,0.4125
1433146400729014273,0.0
1433148365026562050,0.0
1433150688717017088,0.0
1433153990188060673,0.0
1433155374727647237,0.0
1433155849858465794,-0.2
1433157026318848007,0.0
1433158820339937282,-0.125
1433159451847110658,0.5
1433159758027001862,0.1363636363636363
1433160412149821442,0.0
1433161588438097922,0.0
1433162178606116867,0.1363636363636363
1433165166791831554,0.411111111111111
1433169219559038984,0.1428571428571428
1433169308285276163,0.0
1433169683436482566,0.25
1433171441587982338,-0.0055555555555555
1433173755216420867,0.1363636363636363
1433174288622886912,-0.45
1433174745302937606,0.2857142857142857
1433174967911342089,0.0
1433175715541753860,0.1306818181818181
1433177865240055811,0.4
1433181434345410566,0.6
1433182035749785600,-0.4
1433182699422900228,-0.0378787878787878
1433182786714755080,0.0
1433182938254897154,0.1363636363636363
1433184181362757635,0.0
1433184391841394696,0.0
1433186726634209283,0.0666666666666666
1433187006079803392,0.0
1433187148111306752,-0.1
1433188789019570180,0.25
1433189949294010368,0.0
1433190182300229633,0.0
1433190701760593920,0.0
1433192255846854659,-0.328125
1433194720742674434,0.0
1433194730926575617,0.5875
1433195630227197962,0.0
1433195723248398336,0.0
1433196232944484363,0.0
1433196697497255937,0.0
1433202016092786698,0.0
1433202539328049153,1.0
1433204342874677250,0.0
1433204535166570503,0.1931818181818181
1433206346187513856,0.2272727272727272
1433206645870432260,0.3125
1433208430358142977,0.2333333333333333
1433208758012833796,0.3
1433211103128002572,0.0
1433212792132276225,0.5
1433217584103624704,0.0
1433219411754856455,0.0
1433224164912074753,0.0
1433224306184663040,0.4666666666666666
1433227663850749955,0.0
1433228380636385281,0.0
1433229959049318400,0.2152777777777778
1433232601242812421,0.25
1433234393812934657,0.0
1433235046723379201,0.625
1433238721495719937,0.0
1433239590173806592,-0.2333333333333333
1433245898037936132,0.3287878787878788
1433246686697201667,0.0
1433248156217749505,0.2214285714285714
1433249591978250240,0.1625
1433249597665710080,0.0
1433250022607441921,0.375
1433252092572049411,0.0
1433252349057937408,0.025
1433257630903029763,0.0
1433257635151814656,0.0
1433258064422051849,-0.0104166666666666
1433258440894341121,0.0
1433258552706142209,-0.5595238095238095
1433258827495972866,0.4690476190476191
1433262853578846208,-0.1174603174603174
1433264496391434242,0.0
1433264875460046850,0.1666666666666666
1433265721967001601,0.3
1433266520126283778,0.2
1433266792936394756,0.0
1433267113855275009,0.3454545454545454
1433267182914449412,0.0681818181818181
1433271685671686144,-0.0155844155844155
1433271813983846404,0.0
1433274618090041347,0.0
1433278774087356416,-0.0374999999999999
1433280886254882816,0.3181818181818182
