1425679277907972100,-0.2333333333333333
1425683709764714499,0.13636363636363635
1425685751723745284,0.30000000000000004
1425686615373062148,0.13636363636363635
1425691822714728448,0.0
1425697627316838403,0.0
1425698271218049027,0.0
1425699598136344586,0.0
1425700425932681217,0.0
1425700848596774914,0.06666666666666668
1425701227455782914,0.16944444444444445
1425701302160474113,0.0
1425701934581878785,0.0
1425702922252341248,0.0
1425703835578863621,0.0
1425708792969322497,0.0
1425710529171972103,-0.1
1425710862023766016,0.2625
1425711302991810565,-0.078125
1425723346558271489,0.4625
1425726335272427523,-0.75
1425727955486093313,-0.1
1425731348124344324,0.0
1425732268358873090,0.65
1425732428426010624,-0.075
1425736551066062850,0.0
1425737790369771526,0.2916666666666667
1425740009999634435,0.09375
1425740239650369539,0.8
1425740597789294597,-0.4670454545454546
1425741053391421442,0.0
1425741172165779457,0.0
1425743000827834373,-0.1
1425745716622864390,0.15625
1425746647074496515,0.20000000000000004
1425746658164297728,0.17142857142857146
1425748663121350656,-0.16666666666666666
1425749759604760578,0.0
1425750789268639744,0.0
1425751188083855370,0.25
1425754086033412100,0.0
1425754192283643908,0.0
1425754814168850434,-0.15
1425754969144270852,0.0
1425757132557848577,0.0
1425757348270788613,-0.30000000000000004
1425758347823833092,0.3125
1425759469498249225,0.0
1425760137399214081,0.0
1425763850926837768,0.7
1425764676458188801,-0.25
1425765199684980738,0.5
1425765443927744512,0.3333333333333333
1425766629179228160,0.175
1425768498257711111,0.0
1425772543001210883,0.475
1425772669782351881,0.0
1425773475143290884,0.0
1425775044635021322,0.0
1425775105813143561,0.4
1425776393410031622,0.5
1425777088171180035,0.0
1425777844400050178,-0.375
1425778084419149832,0.425
1425778435914444810,0.0
1425779156273483777,0.2
1425779629386735626,0.53828125
1425781033849561098,0.1
1425781624671666180,0.0
1425781676924407809,0.0
1425783910936375296,0.7812500000000001
1425787662036733956,-0.04999999999999999
1425788201466269699,0.5
1425789635813314562,0.5
1425789812020183040,0.5
1425790599253434373,0.14285714285714285
1425790902644129794,0.11666666666666667
1425792374630932490,0.25
1425795596833763331,-0.45
1425796596206391302,-0.2
1425796889648238602,0.14285714285714285
1425802282667479040,0.3181818181818182
1425802704107053059,0.2777777777777777
1425803699214032899,0.0
1425804076642553856,-0.7999999999999999
1425804555036545031,-0.04999999999999999
1425804586170867722,0.0
1425804823899766786,0.03333333333333333
1425805544783183877,0.225
1425805590392102918,0.85
1425807609970446340,0.0
1425808046782025741,0.28125
1425808794169143297,-0.03333333333333333
1425808860737122306,6.938893903907227e-18
1425809503874949121,0.225
1425811430519939076,0.16666666666666666
1425811915994025988,0.4125
1425812340109422598,0.0
1425812408946368513,-1.0
1425813253993615362,0.5
1425814368608940038,-0.05
1425816762264788993,-0.7999999999999999
1425817026816184324,0.14285714285714285
1425817192398921732,0.0
1425819515045044237,0.0
1425819592966905868,0.8
1425819643076173830,0.0
1425820194891440133,-0.1
1425820511783702534,0.0
1425820996959830019,0.033333333333333326
1425822080629497862,-0.375
1425824299965841414,0.19375
1425826206100852738,0.0
1425827015798575106,0.3333333333333333
1425827393986469896,0.0
1425828988585275398,0.0
1425829891849658371,0.5
1425833664051441684,0.325
1425834549011877899,0.0
1425835973988864006,0.0
1425837622753042441,-0.2
1425837828143927303,0.0
1425839505815130115,0.0
1425840139599712271,0.0
1425840177902022660,0.25
1425841121662541824,0.0
1425843836719349765,-0.07142857142857142
1425845964124925956,0.0
1425846184623714311,0.024375
1425846724929720329,-0.1
1425847040248926212,-0.0125
1425849340090671106,0.0
1425850954377699335,-0.08333333333333333
1425852591049637888,0.0
1425852592995831812,0.2393939393939394
1425852628618055689,0.13636363636363635
1425852758565953541,0.0
1425853085264453633,1.0
1425853656960700417,0.16818181818181818
1425854308952813573,-0.275
1425854786725765122,0.095
1425855252293722123,0.8
1425858355055190027,0.0
1425858530687426560,0.5
1425859313474617349,0.0
1425859406646943747,0.45
1425859937628934148,0.0
1425861086050410502,0.0
1425861134264016910,0.0022222222222222365
1425862526236073986,0.21212121212121213
1425864514369695750,0.0
1425864707978760196,0.125
1425865025915392000,0.0
1425866937578377222,0.07954545454545454
1425867272942411776,1.0
1425868188609359878,0.0
1425870609901256710,0.5
1425872209189515265,-0.04999999999999999
1425874582809071617,-0.2
1425875082384130053,0.0
1425876776127975429,0.0
1425877645229797381,0.0
1425877973333417995,0.0
1425877983852646409,0.0
1425881353115996162,1.0
1425881610575024134,0.0
1425882293856571396,0.5
1425882550770221056,0.04545454545454545
1425882825128124430,0.0
1425883303656124423,0.23484848484848486
1425885825477218305,0.5
1425886247629705220,0.14285714285714285
1425888050039726091,0.21818181818181814
1425888111528222721,-0.4
1425888557831364608,0.20000000000000004
1425888855501283328,-0.26666666666666666
1425888856923115524,-0.25
1425892433460666371,-0.25
1425894331987206146,0.0
1425894812692144129,0.0
1425895019043598336,0.0
1425896654448873472,-0.1125
1425897121241309196,-0.1
1425897420068687881,0.0
1425897547848208384,-0.22499999999999992
1425899876013932544,0.5
1425900097678815237,0.3
1425902705726402564,0.03333333333333333
1425903284527656961,0.375
1425904206678958081,0.5
1425906292112121857,0.0
1425906400652316676,0.19047619047619047
1425907054099763207,0.18888888888888888
1425908252810874887,-1.0
1425909466847842304,0.0
1425910104008937472,0.5
1425910188910039043,0.0
1425910222946816001,-0.16666666666666666
1425912022277951492,0.0
1425912280173133839,0.06818181818181818
1425913236956663811,0.0
1425914599057022982,0.0
1425914784093032450,0.2333333333333333
1425919350930743296,-0.3
1425922555509047296,0.4
1425924159679328257,0.5
1425925862940188674,0.3125
1425926044461142019,0.25
1425927402518052865,0.2433333333333333
1425928598255325184,0.3041666666666667
1425928602403495936,0.1111111111111111
1425928610171424771,0.11875
1425929343075770376,1.0
1425930377428754436,0.0
1425932438077943812,0.0010101010101010073
1425932777724157953,0.14285714285714285
1425933394991538177,0.16
1425936583207886859,0.1
1425936855430799363,0.0
1425938286778978305,0.0
1425939865716367373,0.0
1425940939462254598,-1.0
1425941937157197831,-0.18333333333333332
1425943635024138240,0.0
1425943706721394688,0.0
1425944576402071561,0.5
1425945184446074882,-0.15
1425947335062786048,0.5666666666666668
1425951715153547269,0.2714285714285714
1425952090359308290,0.21743970315398886
1425953766684102662,0.25
1425954014680682496,0.011111111111111113
1425954226006597633,-0.2
1425955049671438338,0.0
1425955386285117441,0.0
1425956403710238723,0.0
1425958104508899331,-0.16666666666666666
1425960314810650625,0.018939393939393933
1425960553873252352,0.0
1425964539275735048,0.5
1425967436893851648,0.4833333333333334
1425969952444518407,0.0
1425969953681940481,-0.05
1425970429576073222,0.2
1425970502112366597,-0.05
1425970540041412611,-0.05
1425970623172382722,0.12222222222222222
1425971241974861838,0.03333333333333333
1425971258521309184,0.01499999999999999
1425972298067152897,0.33035714285714285
1425976224338243589,0.32222222222222224
1425977826134609924,0.0
1425978288388837377,0.26785714285714285
1425981392043667458,0.0
1425981420472881153,0.35
1425982011139837957,0.4953125
1425985544551608326,0.17500000000000002
1425985994923208704,0.06666666666666668
1425986226524327940,0.0
1425986751961522180,0.05
1425987492960894982,0.0
1425987965885558789,0.2766666666666667
1425989366787280897,-0.10714285714285716
1425991635066925068,0.0
1425992171371614215,0.0
1425993278630109185,0.31666666666666665
1425993946652676099,0.4041666666666667
1425994001547554819,-0.2978571428571429
1425994760431575047,0.13636363636363635
1425996768140005385,-0.5
1425997791642456065,0.0
1425997824810946563,0.5
1425998182190825473,-0.6
1425999435742461956,0.3
1426002752979705856,0.0
1426005584587993092,0.1484848484848485
1426006136155738114,0.1484848484848485
1426006833408380930,0.0
1426009449538498563,0.35
1426009649694846978,0.0
1426010588883390465,0.0
1426011888396247042,0.25
1426014661808300033,-0.30000000000000004
1426014692611403779,0.24545454545454545
1426015021243543552,0.85
1426015484013580288,0.25
1426018026973958144,0.625
1426018454923001861,0.0
1426018836587945988,0.73125
1426020066357702656,0.13636363636363635
1426020276467232772,0.503125
1426028032607850499,0.13636363636363635
1426028426150952963,0.13636363636363635
1426030111963467776,0.006250000000000006
1426031394065588225,0.128125
1426031707304693763,-0.1555555555555556
1426031755530747907,0.1375
1426032168648708100,0.0
1426034765283487746,0.5
1426035772155744258,0.0
1426036459962736640,0.140625
1426037707591995392,0.6000000000000001
1426038335223394317,0.1
1426038337467342852,0.1
1426043018017189888,-0.2666666666666666
1426046369886720000,0.21
1426046993231597571,0.0
1426047011397066756,0.26666666666666666
1426047022730076161,-0.16666666666666666
1426047170378149891,0.17555555555555558
1426049000214564864,0.0
1426049606232719362,0.3666666666666667
1426051766056062977,-0.2499999999999999
1426054044867563524,0.4
1426057704477495296,0.2681818181818182
1426058542847459328,0.3039772727272727
1426059199113535490,-0.375
1426065582961606656,-0.05
1426067821314850817,-0.35
1426069669811732488,0.5
1426071860962369540,0.0
1426072095323267072,0.10625
1426074680717316097,0.13636363636363635
1426077251527925763,0.13636363636363635
1426077828475408384,0.0
1426080473877336066,0.29296875
1426081800099704835,0.5
1426082856867008515,0.0
1426085537354502144,0.125
1426086009041682440,0.016666666666666666
1426088676459749379,0.17916666666666667
1426089088512413696,0.2933333333333333
1426089437931491328,0.25
1426089524816351236,0.0
1426090993867177986,0.13
1426091111731322880,0.021590909090909088
1426091793473433606,0.2681818181818182
1426092206998294529,-0.1
1426092341736136705,-0.05
1426099122893836289,0.35
1426100733556920322,0.18125
1426101227318767618,0.1
1426101483544748037,0.0
1426101937896923136,0.30000000000000004
1426102175571267584,0.0
1426103776423911424,0.36818181818181817
1426104013364334594,0.0
1426107144651243520,0.75
1426114844856655876,0.0
1426115198700642304,0.0
1426115335510380546,0.125
1426115345329184770,0.0
1426118403446779905,0.5
1426118962966827009,0.5
1426120139875835908,0.2541666666666667
1426121553108942851,0.21818181818181814
1426122969462546436,-0.016666666666666663
1426123367535493120,0.0
1426123722604392449,0.425
1426125289625583619,0.0
1426125336656318469,-0.45
1426129457769820160,0.85
1426130030078332930,0.0
1426131433718837251,0.65
1426133398972604420,0.03333333333333333
1426133912070336513,0.07878787878787878
1426134210620833795,0.0
1426134707524096001,-0.10416666666666667
1426136704948260874,1.0
1426139482923835393,0.0
1426140346644303872,0.0
1426140747942739969,0.0
1426142120935518213,0.0
1426143763395530757,0.0
1426144406625783814,0.0
1426144419326177284,0.2
1426144797086011392,0.0
1426147054070509569,0.5
1426147499656503297,0.0
1426148666964733953,0.0
1426149422711275524,0.0
1426149800597090304,0.2541666666666667
1426151394260697090,-0.027857142857142855
1426152071053516808,0.0
1426152076581609485,-0.14285714285714285
1426153179704479744,0.0
1426155452077912065,0.0
1426156130422693897,-0.3
1426158071009751042,0.8
1426158232859516932,0.0
1426159406891241485,0.16666666666666666
1426161130003521545,0.0
1426161135749713925,0.0
1426162059717271552,0.0
1426163219115089927,0.26666666666666666
1426163327504429058,-0.16666666666666666
1426164501972504583,0.0
1426167376182226955,0.0
1426167411963699205,-0.052777777777777764
1426168914556329993,0.85
1426169504820826112,0.0
1426170765502783491,0.13636363636363635
1426172235530833921,-0.1
1426173041273294857,0.45
1426173132113649667,0.25
1426174080097525763,0.125
1426176031241785350,0.13636363636363635
1426178345826463745,0.5625
1426179130043899910,0.7
1426179857092943875,0.0
1426180532367499270,0.3125
1426180728665038858,0.0
1426183853236969477,0.06999999999999999
1426184594269872128,-0.12121212121212123
1426185533940715520,0.031818181818181815
1426187619399045120,-0.3
1426188448084414470,-0.03333333333333334
1426189982935523328,0.1
1426192119128018945,-0.35
1426193180010102785,0.0
1426195711939411980,0.25
1426196779868073985,0.0
1426196958612533249,0.3333333333333333
1426198309450964994,-0.13333333333333333
1426198498203029506,0.5
1426198886935416837,0.0
1426199010918998017,0.8
1426200628930428928,0.0
1426201667347927041,-0.0625
1426203130006474754,0.3125
1426205408406933505,0.4772727272727272
1426208435503177735,0.25
1426210855331319811,0.04166666666666666
1426211472670068741,0.5
1426212790834929672,0.4833333333333334
1426214929430949888,-0.1
1426217667485003781,0.07500000000000001
1426217696908255234,0.0
1426218479892500481,0.13636363636363635
1426220576088100867,0.03333333333333333
1426221230500327425,0.16666666666666666
1426221660332511234,0.2138888888888889
1426222775946022913,0.0
1426225095836639246,0.2
1426226881288835078,-0.5
1426228979774758914,0.2
1426229349364256769,-0.125
1426229786595119107,0.0
1426230010176843781,0.0
1426230929790537734,0.0
1426232089339383808,0.5
1426234565161533449,0.0
1426235513808166917,0.25
1426235928410873861,0.4
1426236934171414528,-0.05
1426238486106058752,0.0
1426241092920426500,0.0
1426241476636315649,0.0
1426241798826086406,0.0
1426242336879693825,0.0
1426242542463590404,0.0
1426243836020416512,0.5
1426243918128205838,0.5
1426244842661847053,0.1416666666666667
1426247064292233218,0.16666666666666666
1426247573992615942,0.0
1426247826250502145,0.03409090909090909
1426248836473757699,0.25
1426249006129291271,0.13636363636363635
1426249430123139072,0.0
1426252917955235847,0.0
1426254434737082369,0.0
1426254513095184389,-0.14285714285714285
1426256667990138880,0.8
1426259632201379843,1.0
1426260870452101124,-0.3333333333333333
1426264117187420160,0.7
1426264673540771842,0.0
1426265266430693376,0.0
1426266400809705476,0.0
1426270097606336513,0.0
1426271283340320774,0.75
1426272395791319053,0.0
1426272605212925952,0.0
1426272723135832064,0.0
1426274385300709394,0.3181818181818182
1426274820061372421,0.0
1426275755349008386,0.175
1426276324138647553,0.0
1426276920652550145,0.0
1426278166805499904,0.24568684895833334
1426280248430235649,0.4
1426281076771758080,0.0
1426281861425233928,0.5
1426282951512260610,0.0
1426283773755277312,0.0
1426285295570411522,0.2136363636363636
1426285742435667969,0.0
1426285817664782337,0.2
1426285861977559040,0.10000000000000002
1426286526837653504,0.2333333333333333
1426287115906686980,0.0
1426288230396137477,0.5
1426290743946223621,0.0
1426291266669658114,0.0
1426292219888246785,0.0
1426293465751724041,0.8
1426294566664146945,0.0
1426298107273248772,0.0010101010101010073
1426298567644286979,0.0
1426299037913862144,-1.0
1426299991081979907,0.15
1426301421964587009,0.35
1426303395241992196,0.0
1426304105610366985,0.09375
1426305466871734274,-0.16666666666666666
1426305892736192514,0.31
1426310171370852353,0.0
1426311625330491396,0.04
1426311681739837440,0.0
1426312612413771777,0.0
1426313992604114945,0.85
1426316318941253633,0.13636363636363635
1426316976561999874,0.0625
1426316981255479297,0.0
1426319855846936576,0.06666666666666668
1426320396219990018,0.13958333333333334
1426321399153528833,0.5
1426323767828037636,0.05848214285714285
1426324441047445511,-0.1
1426326795222126592,0.0
1426327974551318531,0.0
1426329514175516672,0.2857142857142857
1426330402357235712,0.6
1426331286940102658,0.4
1426331468482109443,-0.15625
1426333243410878464,0.0
1426335435702345739,0.4204545454545454
1426335630762545154,0.0
1426335739294277633,0.125
1426336028072284161,0.0
1426336522937290755,0.002840909090909089
1426337467439861762,0.29444444444444445
1426338543853576198,0.0
1426339669478973442,0.75
1426340118693023744,0.2604166666666667
1426340558008586242,0.23863636363636365
1426342278608588801,0.0
1426343535486324741,0.0
1426343615329193984,0.22281746031746036
1426344245623853060,0.5
1426344910362488834,0.1903409090909091
1426345340916183042,0.5
1426346074818633729,0.0
1426346562733715456,0.0
1426346736671363072,0.075
1426348498090283010,0.35
1426349850673573888,0.0
1426351749837828101,0.1340909090909091
1426352041165787136,-0.6
1426352144253214720,0.6333333333333334
1426354208509419520,0.012121212121212116
1426354596516089856,0.25
1426355024389627907,0.0
1426357987715731456,0.05000000000000002
1426359633589985281,0.0
1426360075183083525,-0.10714285714285716
1426362446478934026,0.2
1426362541236580353,-0.0217948717948718
1426362994645159939,0.0
1426364109906452481,0.2333333333333333
1426365064639090699,-0.09722222222222222
1426367219999588354,0.0
1426367642793820160,0.13636363636363635
1426367643922075648,0.5
1426371030533218306,-0.1625
1426371127685812227,-0.15
1426372566625755136,0.4428571428571429
1426375133422358534,0.5
1426375433365467138,0.0
1426375654749130757,0.0
1426375654820487168,0.0
1426376586278883329,-0.05
1426377718812266500,0.0
1426379070388903939,0.25
1426379174256824322,0.0
1426379175053697027,0.0
1426380266264743938,0.0
1426382276640845829,0.31666666666666665
1426383872430952448,0.13636363636363635
1426389265408274433,-0.4
1426389534036594689,0.0
1426393563399610369,0.13636363636363635
1426396676713959430,0.3787878787878787
1426400332314259460,0.25
1426400535058567169,0.2
1426400680399474689,0.5333333333333333
1426402375082852357,0.0
1426404098614743040,0.05
1426406568535465986,0.4
1426407212663062529,0.0
1426409012489195530,0.0
1426409759390027776,0.0
1426410006484684802,0.0
1426410242775027713,0.0
1426410513727164418,0.0
1426410521301962752,0.0
1426410522321121280,0.0
1426410650377596928,0.0
1426411200183771136,0.0
1426413473945292801,-0.1
1426414912801103879,0.0
1426414995097726977,0.5
1426417831625863168,0.16666666666666666
1426423236863041538,0.05000000000000002
1426423540509777920,0.0
1426423694495084548,-0.1638888888888889
1426423737465794561,0.5
1426424982326947840,0.18611111111111112
1426425302109106176,0.35
1426425736651493376,0.0
1426428545774010369,0.5
1426428758337019907,0.4166666666666667
1426429386366939138,0.0
1426429623764545538,0.0
1426431556797845505,0.0
1426435247395180546,0.0
1426435381826920450,0.16547619047619047
1426439578739744769,0.3181818181818182
1426439793827749894,0.3590909090909091
1426442699301953539,0.0
1426445187425964035,0.0
1426451736152137728,0.45625
1426455530416091140,-0.1
1426457204517969921,0.0
1426460339374370819,-0.35
1426461353817018371,0.3
1426461836526985221,0.0
1426462567266926592,0.0
1426466655547310083,-0.08333333333333331
1426466747205308425,0.0
1426467386564165634,0.25
1426467532559446017,0.06944444444444442
1426467538028793861,0.0
1426469532567097348,0.2681818181818182
1426470358970929153,0.0
1426470359025528832,0.0
1426473469294821381,0.0
1426474018144669696,0.0
1426477890116403208,-0.16666666666666666
1426478408851206148,0.0
1426480445424869376,0.35
1426481099480477696,0.225
1426481982410616838,0.03333333333333333
1426481993374605312,0.0
1426489581831135233,0.46875
1426490046643798018,-1.0
1426498852803076100,0.037500000000000006
1426499297818914819,0.0
1426499823734198283,0.35
1426500700448739335,0.0
1426501059141320707,-0.5
1426501625963696140,0.0
1426501651595202564,0.9765625
1426503501870510088,0.34375
1426506349249183744,0.1
1426507082275205122,0.13636363636363635
1426507952446443525,-0.2383333333333333
1426508030099734532,0.0
1426508870323671047,0.0
1426509952642912261,0.13636363636363635
1426510176778063873,0.0
1426511303942672384,-0.1
1426511950901612545,0.0
1426512034410209286,0.06875
1426513637729054720,-0.25
1426513686332649475,0.3181818181818182
1426514251976425474,0.1875
1426514940240744450,0.0
1426515580597719046,0.07878787878787878
1426515856763363330,-0.1555555555555556
1426521203825680387,0.0
1426524003938750467,0.18333333333333332
1426525336766795785,0.08
1426525366760493060,0.0
1426526140865388555,0.205
1426526942833020939,0.13636363636363635
1426527636608667650,0.0
1426529080032247808,0.125
1426529832062574592,0.15
1426530882966360064,0.2
1426532501716180992,0.3125
1426532894860787717,0.10875
1426533244514623488,0.0
1426534783585329152,0.0
1426537351224991744,0.2
1426538665568882692,0.0
1426539845418110983,-0.25
1426542029920776194,0.0
1426542042935615492,0.16666666666666666
1426542625289646082,0.075
1426542749965340674,0.2
1426543453559795721,0.023232323232323212
1426543843860795396,0.0
1426544313136254978,0.15
1426546649493561347,-0.1875
1426548721970450434,0.6
1426549148057161738,0.21388888888888888
1426549898824994817,0.0
1426549965619269635,0.0
1426551050014580736,0.5
1426551584742252544,0.5
1426553074479292416,0.31666666666666665
1426553534305165312,0.06534090909090909
1426554374948524036,0.0
1426555829860372481,0.0
1426556057535528965,0.0
1426558617981968388,0.1621212121212121
1426560503741128706,-0.1875
1426562267303190528,0.0625
1426562516952305670,0.0
1426563677587742724,3.7007434154171876e-17
1426565267627380745,0.0
1426565726324862978,0.7
1426566579714723840,0.0
1426569116442365957,0.1875
1426569333828853760,-0.05
1426569547650269184,0.25
1426569842635677700,0.2333333333333333
1426569848197324811,0.3181818181818182
1426569853725409283,0.25
1426570258643525632,0.0
1426571596723064837,0.325
1426573972687278083,0.8
1426574482337116162,0.0
1426575097456852992,0.3181818181818182
1426575269549117440,0.08
1426577909087678469,-0.08333333333333333
1426581113590321162,0.5
1426581747148353541,-0.05
1426583914001301511,0.0
1426584175424032773,0.0
1426588118086524928,0.0
1426589966964981760,-0.2
1426591181601918980,0.2857142857142857
1426592470503149569,-0.1
1426593752383111182,0.0
1426594240407105543,0.5
1426597838960660480,0.0
1426598377794510859,0.0
1426598506341470209,0.0
1426599550584819714,1.0
1426600922503856132,0.125
1426601072559366148,0.1
1426601470212837377,0.1
1426601484758757378,0.25
1426601692053835776,0.1
1426602808439197705,0.5
1426605487869636619,-0.2380952380952381
1426605603246518273,0.0
1426606346158358529,0.01818181818181817
1426606371827556355,0.5
1426606887081029637,0.4
1426608308190957572,0.05984848484848485
1426608318408273923,-0.17500000000000002
1426608394165751815,0.0
1426610121145257993,0.39
1426612924941053953,0.8
1426613700807516160,0.0
1426613761130078212,0.2703703703703704
1426614190668763142,-0.05
1426614365583773705,0.8
1426615437865979908,0.2833333333333333
1426616595682668550,-0.1
1426617483012751362,0.4123106060606061
1426619391953625089,0.0
1426620887734837258,0.65
1426620907175309312,0.625
1426621030852825088,-0.05
1426621103447937038,0.0
1426621513831223304,0.02666666666666666
1426622330814570497,0.5
1426622445633654786,-0.3
1426622894700904452,0.0
1426624199729233925,0.2
1426624646980440071,-0.125
1426625028955598849,0.0
1426625320002666500,0.325
1426626437528788993,-0.1555555555555556
1426626844296679433,0.0
1426627328822685698,0.45
1426628098628493317,0.3
1426628350076878848,0.5
1426630277074411524,0.28
1426632399182606336,0.17424242424242425
1426634068075196423,0.1375
1426634827554512905,0.1
1426635521942593539,0.1
1426635712045010949,0.26666666666666666
1426636641528160262,0.4611111111111111
1426637180449996805,0.5291666666666667
1426638278539714560,0.2
1426638435327041539,0.1
1426638800390742020,-0.1499999999999999
1426639932483850243,0.8
1426640755410407426,0.8
1426642899706400771,0.08333333333333333
1426643306025340930,0.26666666666666666
1426643467921416197,0.2556818181818182
1426644250922405889,2.2204460492503126e-17
1426646159125368848,-0.1
1426646269158694921,0.0
1426650142216708097,0.325
1426652201053609984,0.18888888888888888
1426653529737945090,0.32476190476190475
1426654625600397315,0.2
1426654683926433792,0.5
1426656643773837320,0.0625
1426657427605295111,0.0
1426659603106844672,0.5
1426660550558195712,0.13636363636363635
1426663118114066436,-0.12121212121212123
1426669098486878209,0.0
1426669281027239946,0.6
1426669655045787650,0.15000000000000002
1426670810484330504,0.0
1426677816993755138,0.1484375
1426679966675062786,0.26666666666666666
1426680094014201863,0.5
1426681392864321549,0.0
1426684335038545920,0.0010101010101010073
1426685149320712200,0.0
1426685164399349761,0.0
1426685440971747328,0.0
1426686324958957575,0.375
1426687106823434249,0.5232638888888889
1426688728035053571,0.0
1426689778754404354,0.0
1426691902741565441,0.09166666666666667
1426692632017784833,0.6000000000000001
1426693524955742208,0.58125
1426694763139510274,0.4814697265625
1426696198023524354,0.2
1426696922685923332,-0.1875
1426697112931160070,0.25
1426698735673806848,0.0
1426698957145710595,-0.18888888888888888
1426703878205190144,0.25
1426705700819030018,-0.025000000000000026
1426706186850689024,0.27878787878787875
1426706733766950912,0.0
1426707469682700290,0.14583333333333334
1426708871410864130,0.1
1426710042368225287,0.1
1426710693173211136,0.21212121212121213
1426711272532361223,0.13636363636363635
1426716974185254914,1.0
1426717379317411841,0.0119047619047619
1426717840388857859,0.25
1426718392082477071,0.0
1426719623744049152,0.16666666666666666
1426723368577941509,0.0
1426723892341743618,0.0
1426725015827910658,0.25
1426725102851432451,0.0
1426726148227076101,-0.2777777777777778
1426726850538115078,0.49609375
1426728390363545601,0.29166666666666663
1426728863216717827,0.0
1426729932475015191,0.49609375
1426729938636443649,0.0
1426731887154847747,0.5
1426734894680522755,0.13636363636363635
1426735527559053315,-0.16666666666666666
1426736808428281856,0.0
1426738407946944517,0.8
1426738532782071809,0.37
1426738879483289603,0.5875
1426740424769785858,0.0
1426744212347817984,0.25
1426745183438360579,0.0
1426749645519155203,-0.04166666666666666
1426749647599460352,0.3666666666666667
1426749649541472258,0.0
1426750802450952197,0.0
1426752597705306114,0.04000000000000002
1426752934252097540,0.0
1426754754743525379,0.0
1426759342141943812,0.471590909090909
1426760065768427520,0.25
1426762766581477380,0.6
1426763522780901380,-0.05
1426763629613957120,0.0
1426765710865408001,0.0
1426768971978579968,0.15464285714285714
1426770322578149376,0.8
1426770716406452224,0.8
1426773509347360768,0.0
1426776363617329154,0.0
1426777877995982848,0.0
1426778769960882176,-0.5
1426779260744699907,0.2772727272727272
1426782687440875521,0.5
1426785234549452801,0.0
1426785423305629699,0.14285714285714288
1426785761014210561,-0.3
1426786531642118146,0.640625
1426787283945013253,0.0
1426789861709783041,0.0
1426790808162689025,0.0
1426798317510537219,0.0
1426798416647102468,0.5
1426802054106861569,0.0
1426802102114734083,0.13636363636363635
1426805379179024388,0.0
1426807403836760064,0.09666666666666666
1426809513303236608,0.25
1426810525426520065,0.5
1426814366167539713,0.2
1426814452008169473,-0.15625
1426816411884822528,0.0
1426820340701966336,0.19166666666666665
1426823166832304130,0.0
1426825656969703428,0.0
1426832046408683527,0.375
1426832103581290501,0.5694444444444444
1426834158618296322,0.65
1426834790825799682,0.2202489177489177
1426835222323212288,0.23484848484848486
1426835280569450498,0.1
1426839848871243780,0.2
1426842230225047554,0.0
1426847628160081920,-0.1464285714285714
1426848398422933505,0.28750000000000003
1426850316557983745,0.0625
1426850364507164672,0.3
1426852868712173570,-0.025
1426854636967825409,0.5
1426855095220817925,0.0
1426858523829456900,0.0
1426858589885550595,0.0
1426859748616507392,0.0
1426859997565050883,0.25
1426862273172279298,0.0
1426863417692934146,0.6
1426867389598208002,0.9
1426867781413138438,0.0
1426869034352451588,0.3162457912457913
1426869338758336515,-0.1
1426870799319801859,0.25
1426871208788832258,0.0
1426877015156736001,0.22083333333333333
1426877840956399618,0.0
1426878039040872452,0.45
1426879362465423365,-0.003571428571428587
1426883351814737922,0.0
1426884545123602439,-1.0
1426885108414488579,0.07878787878787878
1426885335045353474,0.0
1426885868845944834,1.0
1426886855556046850,0.5
1426887175094902786,0.9
1426887924323397640,0.0
1426904306461167619,0.0
1426905516186480647,-0.09375
1426905797896908807,0.06666666666666668
1426906672195416071,0.15
1426908215300685825,0.0
1426910502702157829,0.0
1426911169525260290,0.0
1426911289348083713,-0.125
1426911706509299712,0.5
1426912855107022855,0.1
1426914225751007233,-0.035
1426914274560126982,0.0
1426920929267945472,0.0
1426923144606982147,0.175
1426925419551498251,-0.15
1426925484047323146,0.0
1426925671259983878,-0.13333333333333333
1426925673407340544,0.016666666666666666
1426928654081273862,0.18214285714285716
1426930049140215817,0.0
1426932576942379010,0.06666666666666668
1426933070951813134,0.125
1426933521583460352,0.0
1426935564964671488,0.0
1426936359374163971,0.5
1426936409642913798,0.5
1426936478257467399,0.06818181818181818
1426936483814920199,0.2
1426938623849500674,0.45
1426940474187673603,0.35
1426941148455522305,0.0
1426941766180098054,0.2340909090909091
1426942101309345793,-0.1
1426943527146110985,0.125
1426946560986951681,0.16666666666666666
1426947537982853128,0.1
1426947667523817474,0.24999999999999994
1426947760792743941,0.0
1426948956039307267,0.5
1426951736053407744,0.3
1426952125913845760,0.2
1426952817084825600,0.0
1426955702887714825,0.0
1426956484756181001,-0.05
1426956760145879043,0.0
1426957741763956737,0.0
1426957854523772933,0.0
1426958384201441288,0.0
1426958504531664901,0.2272727272727273
1426959483071303692,0.0
1426960790314160139,0.25
1426961583675224066,0.0
1426962056318652421,0.1125
1426963898045976576,0.5
1426964914510258188,0.0
1426965083645747200,0.0
1426968066814922752,0.5
1426968070623428608,0.0
1426968908465016834,0.0
1426970706080845834,0.0
1426972921935941632,0.21212121212121213
1426973490238873600,0.175
1426973744011137025,0.4041666666666667
1426975358134497280,-0.16785714285714284
1426975926630428674,0.8
1426977051911786501,0.4
1426980734984593409,0.5
1426981901164847107,0.2875
1426982131847282689,0.3833333333333333
1426983352456945665,0.25
1426983920705355777,0.0
1426984534570987520,0.35000000000000003
1426985802484047872,-0.1
1426988208886329347,0.0
1426990589321433091,0.0
1426991371282354176,0.11111111111111112
1426991875911688194,0.0
1426993418702577665,0.0
1426995908131102721,0.2
1426996965854703617,0.5
1426997220902121477,0.0
1426997321552867329,0.3333333333333333
1426997444890398721,0.5416666666666666
1427000900984377347,-0.038715277777777786
1427001529085698051,0.0
1427001846841884681,0.0
1427003446071205888,0.4833333333333334
1427003484847493123,0.15000000000000002
1427003576451280899,0.3125
1427004888504967169,0.14285714285714285
1427005277040218117,0.0
1427006601563557888,0.5
1427008249585455109,-0.1875
1427012253556092928,0.5
1427017001806049281,0.25
1427018715728543744,0.5
1427019278276980738,-0.125
1427021072063475714,0.0
1427023123111624709,0.0
1427023303978283022,-0.04999999999999999
1427023671428849666,0.0
1427024216956850176,-0.25
1427024364881518593,0.0
1427028429682135051,0.0010101010101010073
1427028777436164097,1.0
1427028893773426690,0.0
1427030905655369728,0.13636363636363635
1427031380748390401,0.625
1427034352412672000,0.2
1427034773508218880,0.0
1427035151259869186,-0.0625
1427037406306258945,0.1464285714285715
1427037412346277893,0.0
1427039669888323592,0.5
1427040488700399623,-0.1625
1427042752668241922,0.1
1427042785958547457,-0.4
1427044244917669890,0.21212121212121213
1427049459779731456,0.0
1427051244258988032,0.3270833333333333
1427051272570499073,0.0
1427052490403373058,0.13636363636363635
1427053513109028866,0.0
1427053630369107971,0.05
1427054550352019462,0.0
1427056064059502598,0.5
1427056475239759874,0.0
1427061982784491527,0.4
1427066799707852803,-0.8
1427068391357968384,0.15
1427070369677160448,0.6
1427072440308576258,0.3333333333333333
1427072785088585728,0.0
1427073485776605186,0.3975
1427076402885582849,0.0
1427078484967493632,-0.35
1427081326201540609,-0.125
1427082031041761280,0.0
1427083557038665728,0.4903125
1427083742057844740,0.25
1427088244919836681,0.5333333333333333
1427089306489864192,-0.02083333333333333
1427090153227493381,0.29523809523809524
1427096267562291204,0.13636363636363635
1427096431198937090,0.33125
1427100524067885058,0.0
1427102800765358081,0.75
1427105086732333058,0.0
1427108372139188227,0.515625
1427108908368281600,0.0
1427111463144013831,0.0
1427112276029444112,0.0
1427113994511429633,0.0
1427115010124390400,0.21692708333333333
1427119861990412293,0.3925
1427120429853028352,0.625
1427122026330873858,0.4772727272727272
1427125152752545798,0.06818181818181818
1427127736515104769,-0.2
1427141474320269314,0.640625
1427142568576434182,0.07500000000000001
1427152673300783108,0.13636363636363635
1427153091955240967,0.0
1427154593109225474,0.0
1427156112332185600,0.525
1427156226262056961,0.0
1427160173714489348,0.0
1427162235030413312,0.5800000000000001
1427165642034122755,0.2
1427169637276528642,0.062
1427170181118300160,0.0
1427174416027463680,0.0
1427174810589728768,0.0
1427174890742943746,0.255
1427178529888866305,0.0
1427181716897140736,0.0
1427182351507886088,-0.75
1427182355714691073,-0.004545454545454547
1427182795240230913,0.15
1427187146390179846,0.25
1427188752800264195,0.225
1427190043056164865,-0.05
1427190159813005313,0.0
1427190551477096449,0.4340909090909091
1427191392829427715,-0.5
1427192153780928512,0.625
1427193555139899393,0.33
1427193996997181445,0.35
1427197770159513600,0.0
1427202166536671236,0.6
1427203098704031744,0.0
1427204784264732674,0.6000000000000001
1427205052939259906,0.0
1427209877479362560,0.0
1427215317395132417,0.038095238095238085
1427217278320267264,0.0
1427221253384032258,-0.125
1427226198481018883,0.125
1427227399155032064,0.16818181818181818
1427227650142007296,0.03409090909090909
1427228150346493956,0.0
1427228660319227905,-0.45625
1427229356481515521,0.07878787878787878
1427231240537714694,0.4793650793650793
1427231320271360002,-0.15000000000000002
1427231428698386434,0.5
1427233036081446915,-0.04958333333333334
1427233878981423106,0.65
1427234068505186307,0.20625
1427234733281447936,0.0
1427235241647767554,0.0
1427235716405268480,0.16
1427235959033061379,0.0
1427236100372897799,0.0
1427236343462207491,0.0
1427236378782445570,0.0625
1427236592046034951,0.0
1427236758304010241,0.0
1427237060268679172,0.0
1427237351227547651,0.36666666666666653
1427238682046734348,-0.2875
1427238970266619904,0.16666666666666666
1427239262269935618,-0.04772727272727273
1427242496912936965,0.0
1427243892299104260,0.0
1427244766622666754,0.12857142857142856
1427247354055376900,0.2
1427248190768701445,0.05555555555555555
1427249853885714434,-0.19223484848484845
1427252091848953858,0.5
1427252979921563648,-0.15
1427253929256046596,0.0
1427253987393343489,0.0
1427253988446162948,0.0
1427254556333944839,0.0
1427255560660033549,0.0
1427257595023200261,-0.1125
1427260454578098182,0.0
1427260724225744903,0.0
1427260823005810690,0.0625
1427262673046183936,0.0
1427262732244455425,0.5
1427264754222084098,0.0
1427265047961632768,0.26666666666666666
1427266967623307264,0.06818181818181818
1427267428980084739,0.0
1427268548506816517,0.5
1427268806934736904,0.45
1427270576222126089,-0.21875
1427272428376530958,0.0
1427278551447863296,0.0
1427279347220566021,0.0
1427279688074940430,0.0
1427279994544263181,0.4583333333333334
1427280399290486784,0.19318181818181815
1427280533998952451,0.0
1427281678788030468,0.15000000000000002
1427284274298818566,0.0
1427286677446344709,0.0
1427287824374632456,0.0
1427288995868946436,0.0
1427289931811106822,0.0
1427291844300341258,0.13636363636363635
1427294228598730753,-0.1
1427294877025505280,0.0
1427297637934505990,0.13636363636363635
1427299673371521027,-0.06666666666666668
1427301029696086022,0.0
1427301719952797700,0.0
1427302520918052865,0.5
1427302582985404425,0.5
1427303750494920710,0.5
1427304280663511045,0.0
1427304371293990917,0.25
1427305431911723015,0.0
1427307266454196228,0.1
1427309054083403777,0.024999999999999998
1427317231860465671,-0.04999999999999999
1427318136089419778,0.29000000000000004
1427318204678934536,-0.15416666666666667
1427318790686183424,0.13636363636363635
1427319519794532356,0.2085648148148148
1427320839486197769,0.0
1427321178876616736,-0.3
1427321385504976913,0.0
1427321417121472525,0.475
1427321502664302620,0.13636363636363635
1427321876473393153,0.0
1427322531837530112,0.5369318181818181
1427323233133645824,0.0
1427323549895778307,0.375
1427324430859051018,0.0
1427327387113508867,0.45
1427328373295128580,-0.02777777777777778
1427329419102720001,0.0
1427329747915350017,0.0
1427329916689948673,0.5
1427333093057253382,0.26666666666666666
1427333222631976966,0.0
1427335346669309957,0.525
1427336076650328069,0.5
1427336843788525573,0.0
1427337698839187466,0.0
1427337878766501891,0.1675
1427339364439298050,0.234375
1427340268173348881,0.25
1427342131153227778,0.0
1427343541257351169,0.10075757575757577
1427343943126167557,0.19318181818181815
1427344093919662101,0.0
1427344134088511522,0.5
1427344809652473856,0.29000000000000004
1427346508853227529,0.325
1427347698848452629,0.06818181818181818
1427348974906724368,0.0
1427351368277315588,0.5
1427352022429290505,0.5
1427352160451321857,0.25
1427352453054353415,0.25
1427352519412490247,0.0
1427353343610003464,0.20125
1427355747403255820,0.30000000000000004
1427355852080570370,0.13636363636363635
1427356842728968194,0.5
1427358022255448072,0.4
1427359572914749447,-0.8
1427361449861648392,0.0
1427361543939772429,0.05000000000000002
1427361761527681049,0.5
1427362149190545410,-0.08787878787878789
1427367162860249089,-0.125
1427367794069446660,0.5875
1427368874488565760,0.0
1427369104562802692,-0.047727272727272715
1427369330635902978,0.16
1427370589552095232,0.0
1427371100913217550,0.0
1427372742957883392,0.4357142857142857
1427373801470234624,0.0
1427374943201726470,0.2083333333333333
1427377166493224965,0.25
1427378525707767830,0.0
1427378727630037000,-0.1638888888888889
1427382924928684055,0.3041666666666667
1427383595124019202,0.0
1427386054416519177,-0.6999999999999998
1427387009731989516,0.5
1427387478487429120,0.0
1427387581747142659,0.2
1427392452810391553,0.0
1427392639813439497,0.45
1427393008807419909,0.17407407407407405
1427394348061270020,0.09375
1427394662046830600,-0.26041666666666663
1427395355734388738,0.0
1427395765509500931,0.0
1427396273116692480,-0.07777777777777779
1427397681522126852,0.09375
1427401202770317315,-0.06071428571428573
1427402107439616032,0.0
1427402810123948048,0.0
1427404572792918021,0.0
1427404948061384705,0.1
1427405132279345156,0.4609375
1427405226353610752,0.0
1427405309677502464,0.06666666666666668
1427406624419979265,0.0010101010101010073
1427406704006762496,0.0
1427410125623541763,0.0
1427410484169478145,-0.07777777777777779
1427415546350342146,0.0
1427415933329436693,0.0
1427418550596218881,0.0
1427418951819030536,0.46875
1427419566754328590,0.45
1427425020104560647,-0.002976190476190493
1427426502505897987,0.0
1427427390251167766,0.5
1427430913546366978,0.0
1427432401005957121,0.75
1427432441069903874,0.4375
1427435699721101312,0.6
1427437988644982784,0.10888888888888887
1427441305219526661,0.14583333333333334
1427442030364532737,0.0
1427442188216983552,0.0
1427442188942680073,0.0
1427444359977394178,0.06666666666666668
1427444813511610369,0.31666666666666665
1427445687596331018,0.16666666666666666
1427448157156282370,0.5
1427449366554492928,0.0
1427449864296701965,0.2272727272727273
1427450631527178256,0.0
1427451572343164936,0.0
1427451811452137474,0.13636363636363635
1427452769166893058,0.1
1427458796104859650,0.125
1427460224202465289,0.0
1427464693002735617,0.0
1427464786909044737,0.0
1427466310762467334,0.25
1427466608931393540,0.25
1427467134871953413,-0.2625
1427468227064520705,0.0
1427468497601269774,0.0
1427474657079406593,-0.05
1427475570900799489,0.0
1427477587702419463,0.0
1427478545983492099,0.08333333333333333
1427478674174001153,0.3424479166666667
1427479577903894530,0.21666666666666665
1427479936055480338,-0.02121212121212122
1427480148438396930,0.0
1427482367938240520,0.0
1427488450379354114,0.2130681818181818
1427489601107730435,0.0
1427490120521986061,0.1
1427491047718928385,-0.30000000000000004
1427493978354581509,0.0
1427494030926094337,0.0
1427494407297589250,0.0
1427496656795279360,0.0
1427499468413304842,0.13636363636363635
1427500014578937866,0.4681818181818182
1427500451260338180,0.0
1427504851399979036,0.19318181818181815
1427505398496604196,0.35714285714285715
1427507006198493191,0.0
1427509825307652119,0.4
1427510484404777023,-0.065
1427514844652220427,0.125
1427515054497308678,0.4583333333333334
1427516244031418368,0.375
1427516445504811023,-1.0
1427520741939945472,0.0
1427520957279875088,0.13636363636363635
1427524627035828252,0.0
1427527033370947588,0.15
1427527357523537921,0.0
1427527435319488546,0.25
1427527891407892480,0.2272727272727273
1427529446312103937,0.0
1427531949044809729,0.25
1427533191942975501,0.0
1427534997473333248,0.0
1427536642529665026,0.0
1427540975103082500,-0.07142857142857142
1427545943965065218,0.25
1427546730309038084,0.33888888888888885
1427546995087060998,-0.1
1427549510801240077,0.0
1427551497366220832,0.25
1427552745247105024,-0.03598484848484848
1427554247273504774,0.3527777777777778
1427554305775702017,0.2681818181818182
1427555147870261252,0.0
1427556428584194050,0.4
1427556915215745024,-0.09999999999999998
1427557702729834497,0.024999999999999998
1427559794253127690,0.3118055555555556
1427559901832925184,0.825
1427561043392356361,0.0
1427561775650725889,0.3259259259259259
1427562094157836288,0.03
1427565815528841224,-0.14015151515151514
1427567276572635138,0.0
1427568929451433988,0.5
1427569054571712513,-0.6
1427569255134941185,0.5
1427571072937910273,0.1
1427572956897497088,0.48
1427573434612019201,-0.05
1427573484868231186,1.0
1427576203658018817,0.0
1427578727689560067,0.0
1427579895278981127,0.0
1427580136904445963,0.0
1427581261795586049,0.0
1427582261428330503,-0.06666666666666668
1427582278897741833,0.0
1427582755257397255,0.0
1427583084178952192,-0.4000000000000001
1427584590055620615,0.5
1427588893411577857,0.4588068181818182
1427590536379211776,0.0
1427591997725024259,0.75
1427592105283702787,0.0
1427594669219893255,0.0
1427596843500949522,-0.1
1427596955908145152,-0.01861471861471861
1427596972144226309,0.0
1427601502588137472,0.6
1427606289887252494,0.12222222222222225
1427607694068928542,0.0
1427609910645305345,0.11666666666666667
1427610670942597122,0.73828125
1427611684508553217,-0.15
1427614735566921728,0.0
1427614928031076360,0.0
1427615845119897601,0.0
1427616017681895426,-0.245
1427616975434305541,0.0
1427619191373197312,0.5666666666666668
1427619892019216389,0.13636363636363635
1427619988588974081,0.2272727272727273
1427620151919316995,0.0
1427621094916247564,-0.1
1427622651284054027,0.11666666666666667
1427623608751333377,0.16666666666666666
1427626176923586563,0.022222222222222227
1427626379407859712,0.4
1427627556585541648,0.0
1427628402681524258,0.3772727272727273
1427629417896062985,0.5
1427629418772582421,0.5
1427629538931052555,0.0
1427629720078888985,0.1
1427630222703308812,0.08333333333333333
1427631420206374913,0.0
1427633704365694976,0.0
1427634253701996545,0.0
1427634648159506438,0.05
1427635223534186504,0.8
1427636904162439169,0.54
1427637108555005953,0.2125
1427637530174894083,0.0
1427638883295145988,0.0
1427640197404110852,0.0
1427646518169849871,-0.05
1427648067835088896,0.0
1427649744600375296,0.28
1427650621335875590,0.4111111111111112
1427655117637967874,0.0
1427655212467167238,0.0
1427655737552117760,0.21818181818181814
1427656265233092612,0.05
1427658632250933255,0.35
1427661885881524227,0.0
1427663050576961544,0.7500000000000001
1427664125430226948,0.0
1427664274399260673,0.4166666666666667
1427667245304623104,0.625
1427667299964649472,0.13636363636363635
1427668960665690114,0.4666666666666666
1427673749973651460,0.25
1427675978432712708,0.25
1427676270343507968,0.14285714285714285
1427678783386136583,-0.1
1427680267032952836,0.45
1427680493659623436,0.0
1427682682440458250,0.3928571428571428
1427682787583315983,0.13636363636363635
1427683944938590209,0.15
1427685304882843650,0.3082341269841269
1427685477377785857,0.5953125
1427685667820040194,0.0
1427685767464329224,0.0
1427685986838925313,0.0
1427687037386121219,1.0
1427688392687509509,0.7
1427688560149233666,0.5
1427691498879942661,0.5
1427695504910082050,0.0
1427696136819593221,0.0
1427696197674885128,0.25
1427696284727595019,0.03409090909090909
1427699031661334530,0.0
1427699661976965125,0.5
1427702480264065025,0.5
1427702843448901639,0.2852272727272727
1427704557858131968,-0.1
1427705801435619331,0.22727272727272724
1427706513024450560,0.20000000000000004
1427706984099418118,0.425
1427707091934920711,0.0
1427708070789013506,0.5
1427709325305270276,-0.1
1427711813194600454,0.0
1427712616202444806,0.2
1427712811199778825,0.5
1427713005714878475,0.0
1427713362226524160,-0.05
1427714110121201666,-0.3510416666666667
1427714505077821443,0.0
1427715030112292867,0.35
1427716931084197890,-0.05
1427717282260819972,0.0
1427718237458948096,0.0
1427718391377260544,0.35
1427719563081261059,0.10606060606060604
1427719685617844225,0.16666666666666666
1427722689758760964,0.12424242424242422
1427723037227503622,0.0
1427729019991171077,0.1954861111111111
1427729626001035266,0.0
1427731761807515648,0.5
1427733242346676234,0.0
1427733989834559490,0.0
1427734161138364421,0.0
1427735020844699649,0.0
1427735891552792576,0.0
1427736133492875265,0.13636363636363635
1427736299562168325,0.13636363636363635
1427736944277139461,0.16875
1427737238553649158,-0.125
1427737375086624773,0.0010101010101010073
1427737398314553344,0.5
1427737534247878661,-0.1
1427738099979796484,0.5
1427738381077917700,0.16666666666666666
1427738998068371464,-0.1
1427739967040671750,0.0
1427740503697592322,0.875
1427742178009288712,0.11212121212121212
1427742540082683906,0.25
1427742789559795720,0.6
1427743342130040838,-0.3
1427743431313567759,0.0
1427743470232510476,0.0
1427743473302659083,0.0
1427743841768165388,0.2681818181818182
1427744303883849728,-0.1555555555555556
1427744655735672832,0.13636363636363635
1427745189536358401,0.0
1427745432336224256,0.0
1427747337498206209,0.2166666666666667
1427747879037325313,0.0
1427748052975202306,-0.06875
1427748503728627714,0.2272727272727273
1427748777096454147,0.0
1427748965584359430,-0.2500000000000001
1427749723746705408,0.13636363636363635
1427753610918649858,0.2
1427754311770071040,-0.25
1427754464069537792,0.0
1427754940764729348,0.25
1427757395174846471,0.0
1427758387861893131,-0.1
1427761165032034306,0.05
1427763425908768773,-0.5
1427763815324733449,0.08333333333333333
1427763820005580802,0.0
1427763980785831936,-0.25
1427764200642813952,0.0
1427764746187542535,0.72
1427767248182198274,0.4
1427767686566604801,0.4833333333333334
1427771137233145856,0.29
1427774002005778432,0.2852272727272727
1427775986297417729,0.0
1427776267911405573,0.13636363636363635
1427777297088720908,0.0283203125
1427779281669734404,-0.4
1427779377882873856,0.28863636363636364
1427779925277396993,0.5
1427780975216545800,0.0
1427781127725621252,0.3
1427781168011694081,0.0
1427782829920841728,0.128125
1427783080866091010,-0.0625
1427783420231393280,0.45
1427784472888442881,0.5
1427786043718348806,0.0
1427786750819250179,0.04444444444444443
1427787751076753408,0.0
1427788342989516801,-0.07500000000000001
1427788349117407234,0.05
1427788843756003328,0.485
1427788903549964297,0.365
1427789571652214788,0.3125
1427791793958043653,0.06818181818181818
1427793382840041480,0.05
1427795094787272712,-0.2
1427796063096803333,0.35
1427797185110986752,0.0
1427798171351085060,0.11666666666666665
1427798176816189442,0.2916666666666667
1427799164507680770,0.0
1427799176432160768,0.17346938775510207
1427799394846494723,0.0
1427800507058323457,0.25
1427802310474932231,0.4204545454545454
1427803192427880448,0.09659090909090907
1427807973204664323,0.275
1427809338303856642,0.0
1427809552561590277,0.0
1427811572529913862,0.4625
1427813632478384133,0.5
1427813772106731520,0.05
1427814066798661634,0.3083333333333333
1427814491010617352,0.3
1427814860314841089,0.8
1427815057212297217,0.0
1427816438933434372,0.11363636363636365
1427817175881076742,0.6
1427818785608699910,0.16
1427818865875034112,0.3125
1427819257048403970,0.8
1427819955840557056,0.0
1427820746949156864,0.0
1427820951115337731,-0.03333333333333333
1427822572931010560,0.0
1427824390687842307,-0.1
1427826227813945354,0.375
1427827766028738560,0.75
1427829108197576710,0.07142857142857142
1427829784688664578,0.0
1427830233751859201,0.0
1427830381500321794,0.2
1427831393573343232,0.0
1427831494765158401,0.26
1427831704639754243,0.0
1427832004150796288,0.0
1427832389196152834,0.13333333333333336
1427832396691423235,0.0
1427832586739535873,0.5
1427833416419094531,0.1796875
1427833520739786752,0.0
1427834280143589380,0.29166666666666663
1427835146804281347,0.03
1427835281592311810,0.0
1427835325813071879,0.2272727272727273
1427837533560451076,0.0
1427838565124349957,0.20000000000000004
1427841612340682754,0.13636363636363635
1427843077822042115,0.05
1427843089322766342,0.08727272727272728
1427847237195812870,-0.1
1427852844439310341,-0.8
1427855600701124617,0.75
1427855799389343744,0.13636363636363635
1427856789257785348,0.32142857142857145
1427858680335142914,0.275
1427858685817102336,-0.5
1427858884740399108,-0.6
1427868323274969089,0.06818181818181818
1427871151599013890,0.0
1427871345359167488,0.13636363636363635
1427873154920108036,0.0
1427873160519577602,-0.14285714285714285
1427873166001467396,-0.052777777777777764
1427873179939196929,0.08727272727272728
1427873594152005632,0.13636363636363635
1427874281673740293,0.15033670033670035
1427874292826447874,0.045833333333333344
1427876777590992899,0.0
1427877947067731968,0.0
1427880549763276805,0.0
1427887644558733316,0.5875
1427888981065175043,0.13636363636363635
1427889077253251075,0.0
1427889657073725444,0.33
1427890065875816448,0.20833333333333331
1427890316183490560,1.0
1427891034957123590,-0.125
1427891280458223619,0.7
1427891398347354112,0.245
1427893341732020225,0.41818181818181815
1427894438345515008,0.0
1427896971449167877,-0.4
1427898116833951747,0.17424242424242425
1427902903642173443,0.0
1427904232489816066,0.12222222222222222
1427905376880451588,0.07142857142857142
1427905393502547972,0.0
1427906056450154498,0.0
1427906220590051334,0.2
1427907509054935047,0.0
1427908770152206338,0.0
1427909899183267841,0.0
1427909924777046016,0.21875
1427910911860244481,-0.125
1427911924100993025,0.3541666666666667
1427912535123001352,-0.6
1427912991161397248,0.13636363636363635
1427913733381271552,0.0
1427922692041228296,0.5
1427924767672135685,0.0
1427933478914564100,0.20000000000000004
1427934642506719233,0.3
1427935269915877382,-0.07142857142857142
1427936147880112128,0.033333333333333326
1427939938419585040,-0.3499999999999999
1427940840840761346,0.7
1427940910025875458,0.3672727272727273
1427942136444510212,0.2681818181818182
1427942410735153158,0.35
1427945614726156296,0.175
1427945775879712771,0.5
1427946180525232130,0.32048611111111114
1427946424864542726,-0.05
1427946899491807239,0.2142857142857143
1427948877785731075,-0.196875
1427950824412655623,0.0
1427952199838044165,0.505
1427952557876420611,0.0875
1427952765893025794,-0.3125
1427952871878823939,0.16666666666666666
1427954020413550592,0.0
1427955568208060418,0.7
1427955603545149446,-0.3333333333333333
1427956701857210369,0.0
1427958174624096267,0.26666666666666666
1427960564777619458,0.06727272727272726
1427962027172106246,0.4583333333333334
1427962944113897472,0.0
1427963807729655820,-0.0390625
1427964007835529223,-0.06666666666666668
1427964310333050891,0.0
1427964524225646592,-0.03125
1427964529711874048,0.06818181818181818
1427964545226641409,0.07878787878787878
1427965778276413454,0.13636363636363635
1427965788162453508,0.0
1427966305945100288,0.16666666666666666
1427966343224115200,-0.3
1427967762387902476,-0.03571428571428571
1427968026859642885,0.0
1427968796581666822,0.25
1427970194123759616,0.2333333333333333
1427970835780972547,0.0
1427970887723147264,0.5
1427971731541610498,0.3
1427972795124887557,-0.1
1427974667051089930,-0.1
1427975569895997442,-0.013888888888888895
1427976407813029893,0.06666666666666668
1427978699144638466,0.19166666666666665
1427978699547230208,0.0
1427978988429971457,0.0
1427979617235779586,-0.05
1427980494906482699,0.1
1427980496093556746,0.20925925925925928
1427980499335716868,0.0
1427980564087271428,0.69375
1427980828194258944,-0.1
1427981088509636608,-0.1
1427981357532151811,0.0
1427982596349235210,-0.14583333333333334
1427984302625615877,0.45
1427986285227134988,0.0
1427987317839462404,0.0
1427988161876135940,0.0
1427989521728262145,0.75
1427991205418131463,0.2136363636363636
1427991659879469057,0.0
1427992671352721409,0.0
1427994502623420418,-0.17500000000000002
1427994958515027973,0.5
1427995530504802309,0.675
1427995970822840320,0.4000000000000001
1427996093049196548,0.0
1427997572111683590,0.0
1427997850353479683,0.0
1427999310147371018,0.2
1428000110093426689,0.0
1428000110059954177,0.0
1428000246685212680,0.0
1428004960411738121,0.0
1428005362771402762,0.3333333333333333
1428006049605251081,0.4375
1428006823718703106,0.0
1428008451867742220,0.16666666666666666
1428008548554854408,0.0
1428008830512898051,0.5
1428009243739934722,0.0
1428009963973079047,0.0
1428011898620973060,-0.05
1428013154605404165,0.0
1428014852862144521,0.4583333333333334
1428014993405091840,-0.03333333333333333
1428015373748686850,0.0
1428015402412556289,0.0
1428015427335213065,0.7
1428015611725197312,-0.18888888888888888
1428015773306470404,0.0
1428015962553569287,0.0
1428016148352835585,-0.5
1428017430807425034,-0.13333333333333333
1428020087676674048,0.7
1428020216211152900,-0.8
1428021070565609479,0.0
1428024003894026248,-0.2
1428025089275187203,0.0
1428025115648868355,0.0
1428025897727131648,0.13333333333333333
1428026879756357633,0.01607142857142857
1428027211555106818,0.09166666666666666
1428028422505254912,0.125
1428029762782457863,0.0
1428029769094819840,0.13636363636363635
1428032159390994437,0.0
1428035571323064321,0.10000000000000002
1428035786318835712,0.10000000000000002
1428035959673688064,0.10000000000000002
1428035993614094342,0.5
1428036042922369028,0.5
1428037484915662857,0.0
1428037615677280258,0.15
1428037761261445123,0.05238095238095238
1428038764991967236,0.2
1428042066844524553,0.0
1428042869370204166,-0.4333333333333333
1428045551665250305,0.5
1428045671685308417,0.0
1428049062964699148,0.3166666666666667
1428049703493582852,0.445
1428050255560552459,0.0
1428050384308867073,0.0
1428051391529066505,0.0
1428051745234726914,-0.024999999999999998
1428053957213970435,0.018229166666666668
1428054174269415427,0.0
1428056993072226305,0.2931818181818182
1428057232701280266,-0.07142857142857142
1428057331309318145,0.4
1428060014082621441,0.1111111111111111
1428060596486901761,0.5
1428060906009899015,0.0
1428061785995845640,0.20833333333333331
1428062962149777409,0.8
1428066349771800577,0.365625
1428066393216454668,0.0
1428067129945903107,0.3666666666666667
1428068676800942081,0.0
1428069347700916235,0.35714285714285715
1428069396388454401,0.0
1428073083668242433,0.0
1428074445663440899,0.25
1428074986703491078,0.35
1428077289632317443,0.5
1428077733112864768,0.4
1428077742684258307,-0.1875
1428077827891544066,0.0
1428078567506812930,1.0
1428081389505810432,0.0
1428082610010472448,0.0
1428083294428712964,0.0
1428083633257164801,0.0
1428085422458949636,0.5
1428088007693832193,0.0
1428088513233362952,0.08
1428089962713337860,0.0
1428091762032193536,0.0
1428092103951732740,0.0
1428092572577067009,0.5
1428093164305457157,0.0
1428095437425156096,-0.125
1428095718544351243,-0.125
1428096655706902529,0.0
1428097005079863297,0.13636363636363635
1428097642861584387,-0.234375
1428099381643841540,-0.125
1428099919538229250,0.2
1428106356511346690,0.0010101010101010073
1428106441689161732,0.0
1428107956885901314,0.0
1428109300141117443,0.0
1428114994105753605,0.10454545454545454
1428115469370904581,0.275
1428115905813303307,0.4454545454545455
1428116880439513096,0.0
1428117960258842626,0.4166666666666667
1428118421439500294,0.0
1428121500930830342,0.125
1428124729966215168,0.0
1428125354305200131,0.2272727272727273
1428125585427996676,0.0
1428129660576149506,-0.12
1428130676155486213,0.0
1428131047800246277,0.0
1428131178788401155,0.3333333333333333
1428132429022195713,0.4340909090909091
1428136008059555840,0.1
1428136103475744771,0.5
1428136680188379136,0.14375
1428137310651047936,0.8333333333333334
1428137641904648199,0.0
1428137770699034628,0.2
1428141636060647424,0.2
1428142422584856585,0.0
1428142948424749058,0.3753125
1428145074425143299,0.5
1428145571315863556,0.2505050505050505
1428147558090780675,0.13636363636363635
1428151861278912517,-0.2375
1428154356780748809,0.0
1428154674281160719,0.04166666666666666
1428155041085476869,0.04444444444444443
1428156574149840901,0.0
1428157888783134721,0.0
1428160089425432578,0.05
1428160559426326531,0.0
1428162341414359042,0.0
1428162458968104963,0.0
1428164462796750848,0.03333333333333333
1428164729013481473,0.75
1428166597227732996,1.0
1428167721330507776,0.0
1428167721464655875,0.0
1428168798503247874,1.0
1428171189990658051,0.8
1428171658871853056,-0.05
1428174236082790401,0.0
1428174767643709441,0.007449494949494956
1428175926840332290,-0.1
1428175932309729281,-0.04375
1428179391125856260,0.13636363636363635
1428179624102662148,0.0
1428180423956328448,0.0
1428181111369256963,0.7
1428183793731575809,0.0
1428185635232403460,0.2857142857142857
1428185962882994185,0.0
1428190193606184960,0.0
1428190969623576579,0.0
1428191133197242381,0.25
1428191462391418885,0.0
1428191481815212032,0.13636363636363635
1428191624266407939,0.0
1428192649635319811,0.0
1428193014929760257,0.13636363636363635
1428193453926723594,0.3125
1428194853704380421,-0.33333333333333337
1428198417612824579,0.0
1428201153049792513,0.31428571428571433
1428205595379716107,-0.16666666666666666
1428207472066670599,0.16
1428207778745700353,0.06742424242424241
1428211251138736131,0.5208333333333334
